,Word,Title Frequency
0,macron,522
1,french,473
2,france,251
3,pen,176
4,emmanuel,129
5,françois,109
6,marine,101
7,hollande,92
8,fillon,78
9,trump,73
10,election,72
11,minister,69
12,sarkozy,68
13,loop,64
14,europe,59
15,paris,56
16,brexit,52
17,yellow,49
18,valls,41
19,european,40
20,poll,40
21,presidential,39
22,nicolas,38
23,party,37
24,manuel,36
25,national,34
26,police,34
27,calls,34
28,campaign,32
29,coronavirus,31
30,jackets,31
31,report,30
32,parliament,30
33,merkel,29
34,reform,29
35,—,28
36,government,26
37,german,26
38,debate,25
39,vote,25
40,left,24
41,week,23
42,president,23
43,labor,23
44,protests,21
45,cartoonists,21
46,events,21
47,attack,21
48,jean,21
49,leader,20
50,chief,20
51,germany,19
52,face,19
53,faces,18
54,plan,18
55,protest,18
56,jacket,18
57,big,18
58,presidency,18
59,juppé,18
60,terror,17
61,italy,17
62,theresa,17
63,probe,16
64,anti,16
65,ban,16
66,political,16
67,cabinet,16
68,€,16
69,primary,16
70,burkini,16
71,mayor,15
72,takes,15
73,takeaways,15
74,socialist,15
75,ahead,14
76,bid,14
77,media,14
78,scandal,14
79,elections,14
80,deal,14
81,security,14
82,trial,14
83,win,14
84,russia,13
85,law,13
86,britain,13
87,change,13
88,leaders,13
89,man,13
90,violent,13
91,politics,13
92,war,13
93,court,13
94,marie,13
95,fight,12
96,day,12
97,prosecutor,12
98,attacks,12
99,lead,12
100,june,12
101,mélenchon,12
102,brussels,12
103,talks,12
104,alain,12
105,parliamentary,12
106,foreign,11
107,putin,11
108,climate,11
109,islam,11
110,year,11
111,aide,11
112,migration,11
113,meet,11
114,race,11
115,donald,11
116,brigitte,11
117,migrants,11
118,socialists,11
119,battle,10
120,politicians,10
121,amid,10
122,investigation,10
123,free,10
124,visit,10
125,tax,10
126,problem,10
127,violence,10
128,reforms,10
129,stand,10
130,voters,10
131,moment,10
132,september,10
133,des,10
134,euro,10
135,april,10
136,lockdown,9
137,long,9
138,tough,9
139,green,9
140,support,9
141,watch,9
142,ambassador,9
143,trip,9
144,hits,9
145,…,9
146,strikes,9
147,union,9
148,wife,9
149,victory,9
150,conservative,9
151,conservatives,8
152,fights,8
153,poland,8
154,corruption,8
155,news,8
156,return,8
157,steps,8
158,mep,8
159,ally,8
160,migrant,8
161,berlin,8
162,interior,8
163,nice,8
164,hard,8
165,power,8
166,ministers,8
167,fraud,8
168,majority,8
169,italian,8
170,russian,8
171,october,8
172,protesters,8
173,spain,8
174,popularity,8
175,quits,8
176,jobs,8
177,fake,8
178,quit,8
179,movement,8
180,finance,8
181,state,8
182,maire,8
183,calais,8
184,house,8
185,push,7
186,health,7
187,warns,7
188,sparks,7
189,camp,7
190,policy,7
191,seeks,7
192,military,7
193,ready,7
194,rally,7
195,time,7
196,candidate,7
197,wins,7
198,pension,7
199,funds,7
200,march,7
201,luc,7
202,center,7
203,set,7
204,papers,7
205,summit,7
206,talk,7
207,test,7
208,à,7
209,death,6
210,vaccine,6
211,barnier,6
212,dies,6
213,amazon,6
214,future,6
215,slams,6
216,reports,6
217,starts,6
218,radical,6
219,mps,6
220,vows,6
221,lesson,6
222,plans,6
223,allegations,6
224,risks,6
225,meeting,6
226,announces,6
227,things,6
228,launches,6
229,bad,6
230,defense,6
231,democracy,6
232,knife,6
233,summer,6
234,low,6
235,prime,6
236,case,6
237,post,6
238,denies,6
239,philippe,6
240,round,6
241,market,6
242,populism,6
243,orders,6
244,goulard,6
245,charged,6
246,promises,6
247,johnson,6
248,bannon,6
249,candidates,6
250,clash,6
251,vision,6
252,cancels,6
253,belgian,6
254,emergency,6
255,hit,6
256,army,6
257,coalition,6
258,spat,6
259,row,6
260,catalonia,6
261,marion,6
262,syria,6
263,press,6
264,boris,6
265,franco,6
266,offensive,6
267,november,6
268,refugee,6
269,runoff,6
270,wing,6
271,fall,5
272,border,5
273,sets,5
274,fears,5
275,environment,5
276,closes,5
277,school,5
278,white,5
279,legal,5
280,polish,5
281,bans,5
282,group,5
283,city,5
284,pressure,5
285,accused,5
286,social,5
287,allies,5
288,reelection,5
289,response,5
290,people,5
291,protect,5
292,eyes,5
293,work,5
294,opens,5
295,ties,5
296,giscard,5
297,dead,5
298,controversial,5
299,outrage,5
300,commission,5
301,supporters,5
302,pro,5
303,confidential,5
304,erdoğan,5
305,action,5
306,charlie,5
307,accuses,5
308,lebanon,5
309,wall,5
310,local,5
311,elysée,5
312,good,5
313,crisis,5
314,defeat,5
315,polls,5
316,unions,5
317,trouble,5
318,london,5
319,job,5
320,backs,5
321,liberal,5
322,notre,5
323,dame,5
324,list,5
325,running,5
326,truth,5
327,salvini,5
328,aim,5
329,budget,5
330,fuel,5
331,pay,5
332,approval,5
333,ratings,5
334,prepares,5
335,days,5
336,lost,5
337,life,5
338,start,5
339,game,5
340,catalan,5
341,spokesman,5
342,sur,5
343,pledges,5
344,tensions,5
345,angela,5
346,great,5
347,bayrou,5
348,happened,5
349,débat,5
350,penelopegate,5
351,paid,5
352,league,4
353,hold,4
354,lift,4
355,pakistan,4
356,leave,4
357,restrictions,4
358,elite,4
359,claims,4
360,covid,4
361,ministry,4
362,imposes,4
363,moves,4
364,urges,4
365,lgbt,4
366,authorities,4
367,zone,4
368,public,4
369,pari,4
370,defends,4
371,inquiry,4
372,rape,4
373,abuse,4
374,speed,4
375,drive,4
376,curfew,4
377,book,4
378,michel,4
379,comeback,4
380,investigated,4
381,rejects,4
382,criticism,4
383,break,4
384,christmas,4
385,referendum,4
386,turkey,4
387,lessons,4
388,estaing,4
389,holiday,4
390,rights,4
391,muslims,4
392,years,4
393,american,4
394,regional,4
395,killed,4
396,hebdo,4
397,diplomacy,4
398,terrorism,4
399,strasbourg,4
400,libya,4
401,racism,4
402,comments,4
403,challenge,4
404,measures,4
405,deputy,4
406,eastern,4
407,offers,4
408,percent,4
409,names,4
410,reshuffle,4
411,resign,4
412,queen,4
413,clashes,4
414,care,4
415,resignation,4
416,sexual,4
417,revolt,4
418,electoral,4
419,charges,4
420,asks,4
421,nato,4
422,centrist,4
423,formal,4
424,admits,4
425,financing,4
426,iran,4
427,king,4
428,laurent,4
429,ditch,4
430,unveils,4
431,boy,4
432,risk,4
433,decision,4
434,cash,4
435,love,4
436,immunity,4
437,letter,4
438,drops,4
439,speech,4
440,stars,4
441,illegal,4
442,juncker,4
443,riots,4
444,nazi,4
445,remain,4
446,threatens,4
447,joins,4
448,dream,4
449,nightmare,4
450,belgium,4
451,high,4
452,maréchal,4
453,key,4
454,elected,4
455,record,4
456,hell,4
457,renzi,4
458,steve,4
459,close,4
460,bruno,4
461,british,4
462,january,4
463,journalist,4
464,rules,4
465,december,4
466,launch,4
467,family,4
468,turnout,4
469,vladimir,4
470,hamon,4
471,louvre,4
472,hacking,4
473,revolution,4
474,clinton,4
475,decide,3
476,football,3
477,pushes,3
478,ukraine,3
479,tougher,3
480,travel,3
481,mosque,3
482,schools,3
483,culture,3
484,add,3
485,protection,3
486,constitution,3
487,oppose,3
488,religious,3
489,jail,3
490,strategy,3
491,meps,3
492,save,3
493,called,3
494,adopts,3
495,islamist,3
496,unfair,3
497,trust,3
498,condemn,3
499,rescue,3
500,cat,3
501,slow,3
502,children,3
503,read,3
504,controversy,3
505,friend,3
506,politico,3
507,members,3
508,gamble,3
509,portugal,3
510,costa,3
511,isolate,3
512,beating,3
513,black,3
514,arms,3
515,surprise,3
516,demands,3
517,lie,3
518,longer,3
519,hate,3
520,split,3
521,team,3
522,wage,3
523,food,3
524,critics,3
525,teacher,3
526,opening,3
527,beheading,3
528,connection,3
529,search,3
530,spread,3
531,politician,3
532,dialogue,3
533,suspect,3
534,injured,3
535,approach,3
536,twitter,3
537,castaner,3
538,rebels,3
539,women,3
540,office,3
541,monday,3
542,term,3
543,greens,3
544,stumbles,3
545,major,3
546,cities,3
547,signals,3
548,woes,3
549,worker,3
550,tackle,3
551,north,3
552,africa,3
553,parallel,3
554,edouard,3
555,fate,3
556,puts,3
557,plots,3
558,exit,3
559,financial,3
560,lives,3
561,nuclear,3
562,plays,3
563,shirt,3
564,guide,3
565,charlemagne,3
566,sylvie,3
567,domestic,3
568,failure,3
569,official,3
570,anger,3
571,sees,3
572,jacques,3
573,chirac,3
574,beautiful,3
575,united,3
576,wauquiez,3
577,appeal,3
578,young,3
579,orbán,3
580,brace,3
581,parties,3
582,campaigns,3
583,lower,3
584,soldiers,3
585,general,3
586,declares,3
587,head,3
588,greatest,3
589,aides,3
590,grand,3
591,metoo,3
592,pick,3
593,influence,3
594,protester,3
595,real,3
596,approves,3
597,kill,3
598,raid,3
599,flag,3
600,tighten,3
601,mistake,3
602,angry,3
603,blows,3
604,trolls,3
605,defuse,3
606,platform,3
607,students,3
608,gas,3
609,spy,3
610,resigns,3
611,frenchman,3
612,cuts,3
613,torture,3
614,hulot,3
615,refuses,3
616,votes,3
617,benalla,3
618,invites,3
619,greece,3
620,bodyguard,3
621,isis,3
622,point,3
623,fine,3
624,madrid,3
625,sun,3
626,spanish,3
627,asylum,3
628,kim,3
629,phone,3
630,rallies,3
631,citizenship,3
632,harassment,3
633,money,3
634,islamic,3
635,accord,3
636,shoulder,3
637,puigdemont,3
638,questions,3
639,remark,3
640,libyan,3
641,funding,3
642,address,3
643,west,3
644,newspapers,3
645,eurozone,3
646,candidacy,3
647,dilemma,3
648,pictures,3
649,rivals,3
650,banks,3
651,magic,3
652,♥,3
653,cost,3
654,class,3
655,reality,3
656,marche,3
657,borders,3
658,jupiter,3
659,lady,3
660,reasons,3
661,hiring,3
662,schulz,3
663,forget,3
664,breach,3
665,soft,3
666,assistants,3
667,nepotism,3
668,pour,3
669,présidentiel,3
670,endorses,3
671,fast,3
672,fear,3
673,campagne,3
674,tour,3
675,percée,3
676,penelope,3
677,attacked,3
678,path,3
679,isil,3
680,affaire,3
681,rival,3
682,momentum,3
683,lagarde,3
684,legion,3
685,droite,3
686,card,3
687,panic,3
688,muslim,3
689,uber,3
690,taxi,3
691,terms,2
692,jewish,2
693,navalny,2
694,india,2
695,cut,2
696,troops,2
697,age,2
698,consent,2
699,citizens,2
700,stands,2
701,raises,2
702,secular,2
703,probes,2
704,dinner,2
705,meetings,2
706,extends,2
707,nationwide,2
708,blind,2
709,sluggish,2
710,astrazeneca,2
711,mulls,2
712,digital,2
713,conviction,2
714,citizen,2
715,pits,2
716,meals,2
717,eurostar,2
718,islamo,2
719,leftist,2
720,assembly,2
721,meant,2
722,ambitions,2
723,sciences,2
724,opponents,2
725,comment,2
726,mckinsey,2
727,gang,2
728,finds,2
729,countries,2
730,relationship,2
731,sales,2
732,lose,2
733,issues,2
734,hopes,2
735,rattle,2
736,rollout,2
737,mind,2
738,gérald,2
739,darmanin,2
740,risky,2
741,semitic,2
742,lunch,2
743,award,2
744,environmental,2
745,combat,2
746,gay,2
747,tank,2
748,hungary,2
749,rule,2
750,pays,2
751,tribute,2
752,season,2
753,tourists,2
754,valéry,2
755,images,2
756,expresses,2
757,journalists,2
758,beats,2
759,friday,2
760,mail,2
761,stresses,2
762,knocks,2
763,biden,2
764,backlash,2
765,wounded,2
766,urge,2
767,diplomatic,2
768,turmoil,2
769,minimum,2
770,deadly,2
771,decries,2
772,inside,2
773,cartoons,2
774,recalls,2
775,killing,2
776,mayors,2
777,requests,2
778,detain,2
779,areas,2
780,initiative,2
781,main,2
782,offices,2
783,number,2
784,arrest,2
785,criticizes,2
786,destruction,2
787,making,2
788,lawmaker,2
789,beirut,2
790,stage,2
791,question,2
792,ruin,2
793,deadline,2
794,economy,2
795,shrinks,2
796,closures,2
797,hould,2
798,distancing,2
799,ditches,2
800,reveal,2
801,loser,2
802,sentenced,2
803,conquer,2
804,considers,2
805,fined,2
806,chokehold,2
807,arrests,2
808,hints,2
809,scraps,2
810,bastille,2
811,demonstration,2
812,draws,2
813,hands,2
814,loses,2
815,alleged,2
816,sound,2
817,lonely,2
818,shutdown,2
819,epidemic,2
820,democratic,2
821,unity,2
822,education,2
823,tests,2
824,positive,2
825,fails,2
826,level,2
827,confirms,2
828,kicks,2
829,account,2
830,website,2
831,thinks,2
832,winning,2
833,forced,2
834,truce,2
835,playing,2
836,discontent,2
837,count,2
838,overhaul,2
839,process,2
840,mark,2
841,worse,2
842,liberals,2
843,starring,2
844,finger,2
845,internal,2
846,failures,2
847,rest,2
848,sarko,2
849,breaks,2
850,friendship,2
851,tree,2
852,rich,2
853,alliance,2
854,repay,2
855,endgame,2
856,ballot,2
857,euroskeptic,2
858,freeze,2
859,fundraising,2
860,adviser,2
861,reaches,2
862,tech,2
863,officials,2
864,extreme,2
865,open,2
866,street,2
867,champion,2
868,lifts,2
869,cdu,2
870,renaissance,2
871,expect,2
872,munich,2
873,loss,2
874,dispute,2
875,bardot,2
876,lays,2
877,matteo,2
878,blames,2
879,mercron,2
880,fury,2
881,prison,2
882,dozens,2
883,arrested,2
884,davos,2
885,maio,2
886,picks,2
887,stories,2
888,passport,2
889,troubles,2
890,shot,2
891,calm,2
892,economic,2
893,lock,2
894,video,2
895,taxing,2
896,turn,2
897,riot,2
898,acting,2
899,motorist,2
900,royal,2
901,blasts,2
902,looms,2
903,slip,2
904,latest,2
905,opinion,2
906,result,2
907,sons,2
908,saudi,2
909,prince,2
910,sale,2
911,tells,2
912,machine,2
913,control,2
914,forces,2
915,hand,2
916,barcelona,2
917,plummets,2
918,ordered,2
919,€k,2
920,calling,2
921,cheer,2
922,popular,2
923,departure,2
924,bump,2
925,plot,2
926,shock,2
927,transfer,2
928,star,2
929,survives,2
930,confidence,2
931,ice,2
932,manu,2
933,beatle,2
934,continent,2
935,direction,2
936,showdown,2
937,era,2
938,pack,2
939,bridge,2
940,half,2
941,seek,2
942,premier,2
943,ngo,2
944,train,2
945,grinds,2
946,governing,2
947,guilty,2
948,prize,2
949,australian,2
950,deliciou,2
951,distance,2
952,chance,2
953,rebellion,2
954,study,2
955,olivier,2
956,faure,2
957,upholds,2
958,républicains,2
959,supermarket,2
960,wake,2
961,renaming,2
962,proposes,2
963,revenge,2
964,northern,2
965,values,2
966,policies,2
967,divides,2
968,vestager,2
969,falls,2
970,deep,2
971,appeals,2
972,flirtation,2
973,unsettles,2
974,jong,2
975,gambit,2
976,boosts,2
977,mass,2
978,brawl,2
979,pledge,2
980,raise,2
981,wave,2
982,winners,2
983,losers,2
984,delays,2
985,mayday,2
986,israel,2
987,door,2
988,smile,2
989,task,2
990,force,2
991,charm,2
992,collapse,2
993,silicon,2
994,valley,2
995,seine,2
996,stripped,2
997,bonds,2
998,léglise,2
999,beat,2
1000,signs,2
1001,florian,2
1002,philippot,2
1003,gate,2
1004,predicts,2
1005,pitch,2
1006,shipyard,2
1007,heads,2
1008,rentrée,2
1009,jeremy,2
1010,corbyn,2
1011,unemployment,2
1012,episode,2
1013,makeover,2
1014,months,2
1015,reveals,2
1016,role,2
1017,rebel,2
1018,korea,2
1019,contest,2
1020,mirror,2
1021,martin,2
1022,avoid,2
1023,soul,2
1024,lashes,2
1025,agree,2
1026,mano,2
1027,tête,2
1028,shape,2
1029,obstacles,2
1030,independence,2
1031,dreams,2
1032,hamburg,2
1033,hangover,2
1034,project,2
1035,tate,2
1036,versailles,2
1037,moscovici,2
1038,simone,2
1039,veil,2
1040,seizes,2
1041,ethics,2
1042,hijack,2
1043,step,2
1044,judge,2
1045,élections,2
1046,dorian,2
1047,gray,2
1048,élysée,2
1049,burkinis,2
1050,richard,2
1051,ferrand,2
1052,night,2
1053,travail,2
1054,fired,2
1055,reacted,2
1056,reads,2
1057,learned,2
1058,cyber,2
1059,targets,2
1060,live,2
1061,increases,2
1062,reject,2
1063,frexit,2
1064,headed,2
1065,leftists,2
1066,chamber,2
1067,supporting,2
1068,unites,2
1069,final,2
1070,neck,2
1071,decline,2
1072,interview,2
1073,wartime,2
1074,firebrand,2
1075,threat,2
1076,loves,2
1077,hired,2
1078,billionaire,2
1079,daughters,2
1080,unchained,2
1081,build,2
1082,received,2
1083,loan,2
1084,husband,2
1085,february,2
1086,splits,2
1087,breitbart,2
1088,headscarf,2
1089,deepen,2
1090,attacker,2
1091,payments,2
1092,choices,2
1093,growing,2
1094,mp,2
1095,cover,2
1096,christine,2
1097,tycoon,2
1098,candidature,2
1099,cazeneuve,2
1100,worst,2
1101,hope,2
1102,air,2
1103,knock,2
1104,politique,2
1105,editor,2
1106,dismantle,2
1107,lobby,2
1108,sms,2
1109,exclusion,2
1110,closer,2
1111,arnaud,2
1112,montebourg,2
1113,offer,2
1114,corsica,2
1115,alstom,2
1116,avec,2
1117,hillary,2
1118,woman,2
1119,town,2
1120,honneur,2
1121,behavior,2
1122,liar,2
1123,july,2
1124,sanctions,2
1125,loi,2
1126,single,2
1127,access,2
1128,allemand,2
1129,fail,2
1130,business,2
1131,strike,2
1132,ibrahimović,2
1133,sapin,2
1134,rogue,2
1135,“,2
1136,”,2
1137,ça,2
1138,mieux,2
1139,ttip,2
1140,youth,2
1141,cartoon,2
1142,carousel,2
1143,ruined,2
1144,scrambles,2
1145,strides,1
1146,cultural,1
1147,napoleon,1
1148,memory,1
1149,reeling,1
1150,kiss,1
1151,glut,1
1152,struggles,1
1153,fallout,1
1154,pensioner,1
1155,murder,1
1156,launched,1
1157,fatal,1
1158,stabbing,1
1159,super,1
1160,responsible,1
1161,quarantine,1
1162,travelers,1
1163,slam,1
1164,breakaway,1
1165,uper,1
1166,advises,1
1167,temporarily,1
1168,bring,1
1169,brazil,1
1170,flight,1
1171,suspension,1
1172,vandalism,1
1173,concerns,1
1174,trumped,1
1175,reformist,1
1176,luxury,1
1177,curbs,1
1178,tears,1
1179,consultancy,1
1180,deals,1
1181,rwandan,1
1182,genocide,1
1183,hospital,1
1184,reboot,1
1185,oxford,1
1186,monthlong,1
1187,region,1
1188,setting,1
1189,zones,1
1190,threatened,1
1191,withhold,1
1192,prevented,1
1193,pass,1
1194,venues,1
1195,till,1
1196,convicted,1
1197,generation,1
1198,identity,1
1199,pupils,1
1200,banning,1
1201,symbols,1
1202,sentence,1
1203,crushes,1
1204,prospects,1
1205,rocks,1
1206,convention,1
1207,flirting,1
1208,quarrels,1
1209,meatless,1
1210,riviera,1
1211,weekend,1
1212,leftism,1
1213,anchor,1
1214,patrick,1
1215,poivre,1
1216,arvor,1
1217,scouring,1
1218,catch,1
1219,fraudsters,1
1220,bias,1
1221,academia,1
1222,extremism,1
1223,gathers,1
1224,illustrated,1
1225,obstacle,1
1226,challengers,1
1227,spars,1
1228,clément,1
1229,beaune,1
1230,director,1
1231,duhamel,1
1232,advantage,1
1233,cabinets,1
1234,conseil,1
1235,comme,1
1236,ont,1
1237,conquis,1
1238,consultants,1
1239,expulsion,1
1240,diplomats,1
1241,china,1
1242,dissatisfaction,1
1243,rise,1
1244,admires,1
1245,warp,1
1246,quasi,1
1247,ineffective,1
1248,older,1
1249,hamper,1
1250,dog,1
1251,pet,1
1252,stores,1
1253,sufficient,1
1254,apologize,1
1255,algeria,1
1256,colonization,1
1257,benefits,1
1258,invisible,1
1259,hurt,1
1260,charter,1
1261,imams,1
1262,piercing,1
1263,wrinkles,1
1264,ruckus,1
1265,procurement,1
1266,incest,1
1267,scientist,1
1268,establishment,1
1269,consultancies,1
1270,vaccination,1
1271,poses,1
1272,busting,1
1273,rave,1
1274,quiz,1
1275,condemned,1
1276,angers,1
1277,tweets,1
1278,targeting,1
1279,contestant,1
1280,prompts,1
1281,dishonorable,1
1282,italians,1
1283,egypt,1
1284,radicalism,1
1285,niece,1
1286,authoritarian,1
1287,vetoing,1
1288,visionary,1
1289,intelligence,1
1290,inspect,1
1291,mosques,1
1292,suspicion,1
1293,eparatism,1
1294,alpine,1
1295,ski,1
1296,resorts,1
1297,dread,1
1298,backtrack,1
1299,thousands,1
1300,hame,1
1301,rewrite,1
1302,eases,1
1303,dismantling,1
1304,feeds,1
1305,footage,1
1306,postpone,1
1307,rectify,1
1308,blatant,1
1309,treatment,1
1310,tanker,1
1311,depends,1
1312,guarantee,1
1313,crackdown,1
1314,filming,1
1315,ballots,1
1316,lax,1
1317,learn,1
1318,delay,1
1319,imam,1
1320,feasible,1
1321,rector,1
1322,experiment,1
1323,muddled,1
1324,messaging,1
1325,fuels,1
1326,contradicts,1
1327,dissolve,1
1328,turkish,1
1329,ultranationalist,1
1330,priest,1
1331,shooting,1
1332,lyon,1
1333,deployment,1
1334,surveillance,1
1335,technology,1
1336,series,1
1337,beefs,1
1338,posts,1
1339,abroad,1
1340,oecd,1
1341,contenders,1
1342,standing,1
1343,leaves,1
1344,caricature,1
1345,backfire,1
1346,tension,1
1347,turf,1
1348,wars,1
1349,burnouts,1
1350,mongering,1
1351,turks,1
1352,boycott,1
1353,goods,1
1354,liner,1
1355,darkens,1
1356,shadow,1
1357,teachers,1
1358,swimming,1
1359,pools,1
1360,complaint,1
1361,aisles,1
1362,closure,1
1363,denounced,1
1364,murdered,1
1365,urban,1
1366,jack,1
1367,lang,1
1368,epstein,1
1369,donation,1
1370,fund,1
1371,movie,1
1372,crewed,1
1373,tested,1
1374,baltic,1
1375,reckons,1
1376,limits,1
1377,confesses,1
1378,stronger,1
1379,multilateralism,1
1380,advice,1
1381,cheap,1
1382,cooks,1
1383,storm,1
1384,hundreds,1
1385,monkey,1
1386,prospect,1
1387,despair,1
1388,dignity,1
1389,lebanese,1
1390,commitment,1
1391,calendar,1
1392,bet,1
1393,magazine,1
1394,depicting,1
1395,slave,1
1396,dodges,1
1397,retaliatory,1
1398,fort,1
1399,brégançon,1
1400,youngest,1
1401,transform,1
1402,ramp,1
1403,presence,1
1404,mediterranean,1
1405,mask,1
1406,heatwave,1
1407,language,1
1408,carrot,1
1409,delivers,1
1410,stern,1
1411,message,1
1412,stricken,1
1413,quarter,1
1414,avoided,1
1415,feminists,1
1416,attractivenes,1
1417,title,1
1418,ridicule,1
1419,place,1
1420,castex,1
1421,picking,1
1422,profile,1
1423,bets,1
1424,greater,1
1425,involvement,1
1426,sahel,1
1427,counterterrorism,1
1428,tightrope,1
1429,highlights,1
1430,mixed,1
1431,anne,1
1432,throne,1
1433,haunting,1
1434,rated,1
1435,appointing,1
1436,dijon,1
1437,outbreaks,1
1438,continue,1
1439,reset,1
1440,tear,1
1441,statue,1
1442,floated,1
1443,comedian,1
1444,qaeda,1
1445,parade,1
1446,george,1
1447,floyd,1
1448,hairy,1
1449,absolute,1
1450,assault,1
1451,trange,1
1452,farmers,1
1453,alarm,1
1454,cheese,1
1455,meltdown,1
1456,haired,1
1457,europeanist,1
1458,squeeze,1
1459,resurgent,1
1460,solidarity,1
1461,gayle,1
1462,smith,1
1463,changing,1
1464,testing,1
1465,country,1
1466,bars,1
1467,restaurants,1
1468,crunch,1
1469,disrupter,1
1470,convince,1
1471,kids,1
1472,phones,1
1473,sexting,1
1474,secret,1
1475,sex,1
1476,soldier,1
1477,burkina,1
1478,faso,1
1479,roulette,1
1480,pragmatic,1
1481,based,1
1482,photo,1
1483,havre,1
1484,defiant,1
1485,suspends,1
1486,backed,1
1487,site,1
1488,powered,1
1489,concession,1
1490,striketime,1
1491,survival,1
1492,detached,1
1493,ursula,1
1494,marathon,1
1495,conflicts,1
1496,cult,1
1497,personality,1
1498,turtle,1
1499,spells,1
1500,reformer,1
1501,determined,1
1502,existential,1
1503,unite,1
1504,defend,1
1505,insulting,1
1506,nasty,1
1507,formally,1
1508,embezzlement,1
1509,undermining,1
1510,agenda,1
1511,outlines,1
1512,proposal,1
1513,accession,1
1514,indicted,1
1515,islamophobic,1
1516,undercurrent,1
1517,bulgaria,1
1518,issue,1
1519,remarks,1
1520,uncertainty,1
1521,potential,1
1522,competitor,1
1523,pointing,1
1524,betrayal,1
1525,follow,1
1526,crisi,1
1527,fester,1
1528,rejection,1
1529,institutional,1
1530,justify,1
1531,extension,1
1532,unrelenting,1
1533,mounts,1
1534,mourn,1
1535,lovable,1
1536,aged,1
1537,disrupted,1
1538,bang,1
1539,heavyweight,1
1540,impropriety,1
1541,conducted,1
1542,brazilian,1
1543,supports,1
1544,intention,1
1545,pesticide,1
1546,includes,1
1547,western,1
1548,balkans,1
1549,teach,1
1550,literature,1
1551,suburb,1
1552,smoking,1
1553,stubbed,1
1554,unsteady,1
1555,crown,1
1556,transparency,1
1557,festival,1
1558,booed,1
1559,celebrations,1
1560,lobster,1
1561,dinners,1
1562,raids,1
1563,senior,1
1564,ciudadanos,1
1565,comparable,1
1566,emerges,1
1567,slump,1
1568,pop,1
1569,frame,1
1570,defeats,1
1571,surge,1
1572,misused,1
1573,cjeu,1
1574,square,1
1575,wrestle,1
1576,leading,1
1577,plugs,1
1578,supergroup,1
1579,wildfire,1
1580,pool,1
1581,resources,1
1582,heritage,1
1583,shakes,1
1584,scrap,1
1585,fully,1
1586,extinguished,1
1587,tipped,1
1588,taxes,1
1589,privatization,1
1590,malta,1
1591,allocate,1
1592,loiseau,1
1593,piste,1
1594,sacked,1
1595,trong,1
1596,strains,1
1597,responds,1
1598,poseur,1
1599,poet,1
1600,reborn,1
1601,showman,1
1602,misunderstanding,1
1603,decathlon,1
1604,hijab,1
1605,online,1
1606,semitism,1
1607,senators,1
1608,accuse,1
1609,withholding,1
1610,orgy,1
1611,psychotherapy,1
1612,twitch,1
1613,condemns,1
1614,fireworks,1
1615,suggests,1
1616,truths,1
1617,pocket,1
1618,fingers,1
1619,winner,1
1620,conference,1
1621,rome,1
1622,repeated,1
1623,animalist,1
1624,promotes,1
1625,champions,1
1626,railbus,1
1627,attempt,1
1628,recording,1
1629,convenience,1
1630,gift,1
1631,responsive,1
1632,membership,1
1633,reformed,1
1634,lecturing,1
1635,transport,1
1636,staff,1
1637,heartland,1
1638,jumps,1
1639,kick,1
1640,laws,1
1641,multiple,1
1642,agitators,1
1643,stick,1
1644,probed,1
1645,registers,1
1646,trademark,1
1647,figures,1
1648,charts,1
1649,flop,1
1650,communists,1
1651,recruit,1
1652,consecutive,1
1653,respite,1
1654,lies,1
1655,beneath,1
1656,uprising,1
1657,foot,1
1658,deficit,1
1659,increase,1
1660,santa,1
1661,hole,1
1662,sweeteners,1
1663,catastrophe,1
1664,reckoning,1
1665,mode,1
1666,knees,1
1667,poor,1
1668,climbdown,1
1669,canceled,1
1670,smacking,1
1671,detriment,1
1672,spot,1
1673,tweak,1
1674,rages,1
1675,mobilize,1
1676,mutiny,1
1677,tweet,1
1678,lack,1
1679,decency,1
1680,anniversary,1
1681,wanted,1
1682,speaking,1
1683,judgment,1
1684,charms,1
1685,collaborator,1
1686,pond,1
1687,ultra,1
1688,howdown,1
1689,boot,1
1690,hails,1
1691,caledonia,1
1692,unexpected,1
1693,pundits,1
1694,worried,1
1695,quake,1
1696,hesse,1
1697,teaches,1
1698,headlines,1
1699,khashoggi,1
1700,arabia,1
1701,morals,1
1702,freakout,1
1703,treaty,1
1704,brits,1
1705,cliff,1
1706,edge,1
1707,safety,1
1708,turns,1
1709,drunk,1
1710,gaffes,1
1711,interpol,1
1712,reported,1
1713,missing,1
1714,spins,1
1715,unblocks,1
1716,subsidies,1
1717,accepting,1
1718,chequers,1
1719,suicidal,1
1720,undergo,1
1721,psychiatric,1
1722,evaluation,1
1723,memorabilia,1
1724,worth,1
1725,sold,1
1726,finishing,1
1727,admit,1
1728,algerian,1
1729,review,1
1730,swedish,1
1731,pedaling,1
1732,opponent,1
1733,shaky,1
1734,ground,1
1735,isolation,1
1736,grows,1
1737,depend,1
1738,macronomics,1
1739,uninvited,1
1740,web,1
1741,magnette,1
1742,uproar,1
1743,wwi,1
1744,ceremony,1
1745,vélo,1
1746,rattled,1
1747,clamps,1
1748,upskirting,1
1749,pervert,1
1750,accidental,1
1751,berlusconi,1
1752,blocks,1
1753,broadcasting,1
1754,tuff,1
1755,south,1
1756,ryanair,1
1757,treads,1
1758,lippery,1
1759,affair,1
1760,faceoff,1
1761,channelling,1
1762,biblical,1
1763,inferno,1
1764,freaking,1
1765,spark,1
1766,human,1
1767,drama,1
1768,penalty,1
1769,states,1
1770,grill,1
1771,dismissed,1
1772,advise,1
1773,buddies,1
1774,drift,1
1775,frail,1
1776,grip,1
1777,bleus,1
1778,wrecked,1
1779,noses,1
1780,hosts,1
1781,europopulists,1
1782,idea,1
1783,sounded,1
1784,mourns,1
1785,blue,1
1786,monarch,1
1787,horrifie,1
1788,impose,1
1789,troubled,1
1790,sends,1
1791,reminder,1
1792,spending,1
1793,mini,1
1794,academy,1
1795,dismayed,1
1796,ánchez,1
1797,mafia,1
1798,rage,1
1799,wolf,1
1800,royals,1
1801,tea,1
1802,trumps,1
1803,differences,1
1804,purgatory,1
1805,aquarius,1
1806,boat,1
1807,hijacks,1
1808,summons,1
1809,ummit,1
1810,century,1
1811,gravy,1
1812,halt,1
1813,cannonball,1
1814,sausage,1
1815,terrible,1
1816,ranking,1
1817,prematurely,1
1818,sorrow,1
1819,liège,1
1820,questioning,1
1821,management,1
1822,piderman,1
1823,crimes,1
1824,thwarted,1
1825,reimburse,1
1826,menopausal,1
1827,laundering,1
1828,chechen,1
1829,born,1
1830,carried,1
1831,whiff,1
1832,consolation,1
1833,flattered,1
1834,description,1
1835,indignation,1
1836,america,1
1837,pecial,1
1838,withdraw,1
1839,bromance,1
1840,conceals,1
1841,minimal,1
1842,brushes,1
1843,dandruff,1
1844,perfect,1
1845,guarantor,1
1846,order,1
1847,serve,1
1848,steam,1
1849,forged,1
1850,signal,1
1851,trade,1
1852,flatters,1
1853,seize,1
1854,convinced,1
1855,stay,1
1856,statements,1
1857,memoir,1
1858,viktor,1
1859,celebrates,1
1860,degree,1
1861,ees,1
1862,spring,1
1863,confront,1
1864,rail,1
1865,attrition,1
1866,holocaust,1
1867,naive,1
1868,officer,1
1869,gunman,1
1870,paul,1
1871,ryan,1
1872,congress,1
1873,wild,1
1874,reiterates,1
1875,poisoning,1
1876,assassination,1
1877,racist,1
1878,historic,1
1879,swore,1
1880,poisoned,1
1881,ayatollahs,1
1882,projects,1
1883,günther,1
1884,oettinger,1
1885,respect,1
1886,investment,1
1887,immigration,1
1888,rating,1
1889,ankara,1
1890,emerge,1
1891,homeless,1
1892,pizzamaker,1
1893,room,1
1894,quash,1
1895,resurgence,1
1896,sham,1
1897,propose,1
1898,reorganization,1
1899,master,1
1900,stretch,1
1901,rebrand,1
1902,answer,1
1903,core,1
1904,rank,1
1905,remains,1
1906,spd,1
1907,forward,1
1908,channel,1
1909,dared,1
1910,tread,1
1911,marks,1
1912,chapter,1
1913,appointed,1
1914,governor,1
1915,banque,1
1916,spicy,1
1917,appetizer,1
1918,baguette,1
1919,load,1
1920,recognition,1
1921,bread,1
1922,gears,1
1923,firmnes,1
1924,opposing,1
1925,wind,1
1926,stéphane,1
1927,foll,1
1928,hambolic,1
1929,wobbles,1
1930,nationalist,1
1931,ultimatum,1
1932,threaten,1
1933,prisoner,1
1934,phase,1
1935,dirty,1
1936,washington,1
1937,medical,1
1938,romanian,1
1939,exile,1
1940,permanent,1
1941,construction,1
1942,lightning,1
1943,decisive,1
1944,saving,1
1945,bacon,1
1946,tony,1
1947,blair,1
1948,institute,1
1949,peaked,1
1950,compassion,1
1951,animals,1
1952,needed,1
1953,private,1
1954,plane,1
1955,releases,1
1956,dismisses,1
1957,heats,1
1958,bounces,1
1959,celebrate,1
1960,birthday,1
1961,luxurious,1
1962,château,1
1963,weaken,1
1964,sort,1
1965,embraces,1
1966,lord,1
1967,darth,1
1968,moore,1
1969,euco,1
1970,wire,1
1971,tapping,1
1972,headache,1
1973,manhattan,1
1974,jamaica,1
1975,blues,1
1976,rock,1
1977,roll,1
1978,creates,1
1979,including,1
1980,prestigious,1
1981,responsibility,1
1982,middle,1
1983,east,1
1984,satan,1
1985,jerusalem,1
1986,irish,1
1987,tangle,1
1988,momentous,1
1989,partly,1
1990,fault,1
1991,deplorable,1
1992,condition,1
1993,«,1
1994,»,1
1995,prépare,1
1996,une,1
1997,sortie,1
1998,sans,1
1999,punishable,1
2000,offense,1
2001,reason,1
2002,accounts,1
2003,oversee,1
2004,democrats,1
2005,tolerate,1
2006,hammond,1
2007,eeyore,1
2008,persecution,1
2009,eems,1
2010,weakened,1
2011,searches,1
2012,partner,1
2013,concern,1
2014,curtain,1
2015,bids,1
2016,farewell,1
2017,rebound,1
2018,helm,1
2019,late,1
2020,mutineer,1
2021,splash,1
2022,mise,1
2023,muriel,1
2024,pénicaud,1
2025,formula,1
2026,lane,1
2027,taxpayers,1
2028,paradise,1
2029,speaker,1
2030,disavows,1
2031,secession,1
2032,avoids,1
2033,confirmed,1
2034,scalp,1
2035,replace,1
2036,swiss,1
2037,scholar,1
2038,tariq,1
2039,ramadan,1
2040,scramble,1
2041,clock,1
2042,club,1
2043,brings,1
2044,zest,1
2045,weinstein,1
2046,reverberates,1
2047,divergences,1
2048,allemandes,1
2049,esm,1
2050,kremlin,1
2051,discussing,1
2052,problème,1
2053,mots,1
2054,rucku,1
2055,dents,1
2056,working,1
2057,revive,1
2058,industry,1
2059,backstage,1
2060,struggle,1
2061,européenne,1
2062,stacks,1
2063,trategic,1
2064,dealt,1
2065,blow,1
2066,senate,1
2067,casserole,1
2068,départ,1
2069,splitting,1
2070,escalate,1
2071,arrogance,1
2072,totally,1
2073,narcissistic,1
2074,headquarters,1
2075,couscous,1
2076,google,1
2077,facebook,1
2078,blurs,1
2079,confiscate,1
2080,boxes,1
2081,passes,1
2082,lacker,1
2083,warpath,1
2084,streets,1
2085,naval,1
2086,propaganda,1
2087,drop,1
2088,forgotten,1
2089,sister,1
2090,ideas,1
2091,specifics,1
2092,médiatique,1
2093,veganism,1
2094,crash,1
2095,council,1
2096,fronts,1
2097,expert,1
2098,michael,1
2099,flaherty,1
2100,peril,1
2101,sacred,1
2102,cow,1
2103,shakeup,1
2104,nods,1
2105,quota,1
2106,african,1
2107,nations,1
2108,explainer,1
2109,integrated,1
2110,spent,1
2111,makeup,1
2112,wedge,1
2113,create,1
2114,competition,1
2115,cedes,1
2116,link,1
2117,timeline,1
2118,coming,1
2119,earth,1
2120,cares,1
2121,informal,1
2122,marseille,1
2123,hip,1
2124,startup,1
2125,duped,1
2126,activists,1
2127,peaceful,1
2128,outcome,1
2129,sour,1
2130,commissioner,1
2131,expenses,1
2132,intern,1
2133,networking,1
2134,drives,1
2135,car,1
2136,injures,1
2137,improve,1
2138,seeker,1
2139,frankfurt,1
2140,criminal,1
2141,qatar,1
2142,cup,1
2143,buying,1
2144,improved,1
2145,snubs,1
2146,applications,1
2147,reflects,1
2148,moments,1
2149,suspected,1
2150,dictating,1
2151,trap,1
2152,outcry,1
2153,searching,1
2154,rebellious,1
2155,modem,1
2156,delights,1
2157,charmer,1
2158,wields,1
2159,pariah,1
2160,michelin,1
2161,rekindle,1
2162,romance,1
2163,maintain,1
2164,controls,1
2165,maligned,1
2166,alpha,1
2167,males,1
2168,reaction,1
2169,civilizational,1
2170,belt,1
2171,giddy,1
2172,delirious,1
2173,muster,1
2174,courage,1
2175,europeans,1
2176,building,1
2177,eye,1
2178,rolls,1
2179,eat,1
2180,cake,1
2181,turned,1
2182,sleep,1
2183,lacks,1
2184,française,1
2185,jupiterian,1
2186,strongman,1
2187,intense,1
2188,suffering,1
2189,sidekick,1
2190,designs,1
2191,idealist,1
2192,misuse,1
2193,tories,1
2194,labour,1
2195,hang,1
2196,nouveaux,1
2197,parlementaires,1
2198,marriage,1
2199,finally,1
2200,tender,1
2201,regulation,1
2202,dup,1
2203,secures,1
2204,upper,1
2205,democrat,1
2206,hurrah,1
2207,choose,1
2208,earned,1
2209,consulting,1
2210,contract,1
2211,bundesbank,1
2212,problems,1
2213,arnold,1
2214,schwarzenegger,1
2215,heckle,1
2216,selfie,1
2217,stops,1
2218,mania,1
2219,grips,1
2220,debut,1
2221,silver,1
2222,lining,1
2223,marielle,1
2224,sarnez,1
2225,moralizing,1
2226,pity,1
2227,succeeding,1
2228,triple,1
2229,législatives,1
2230,heading,1
2231,slumps,1
2232,dangerou,1
2233,sequel,1
2234,model,1
2235,socialism,1
2236,knocked,1
2237,trail,1
2238,pierre,1
2239,paying,1
2240,fairer,1
2241,rediscovers,1
2242,mojo,1
2243,sharply,1
2244,baroin,1
2245,sacrificial,1
2246,lamb,1
2247,hot,1
2248,seat,1
2249,planet,1
2250,legislatives,1
2251,biggest,1
2252,challenges,1
2253,landslide,1
2254,poles,1
2255,bearish,1
2256,cooperate,1
2257,banking,1
2258,affairs,1
2259,république,1
2260,awkward,1
2261,czar,1
2262,handshake,1
2263,innocent,1
2264,extremely,1
2265,direct,1
2266,encounter,1
2267,verdict,1
2268,tremendou,1
2269,comedown,1
2270,réforme,1
2271,marché,1
2272,plunges,1
2273,priority,1
2274,composition,1
2275,nouveau,1
2276,gouvernement,1
2277,satisfied,1
2278,brain,1
2279,revival,1
2280,neo,1
2281,activist,1
2282,documents,1
2283,announcement,1
2284,updates,1
2285,inauguration,1
2286,wolfgang,1
2287,schäuble,1
2288,closing,1
2289,gambles,1
2290,novices,1
2291,dearly,1
2292,withdrawal,1
2293,prochaine,1
2294,étape,1
2295,prepare,1
2296,expel,1
2297,beasts,1
2298,honeymoon,1
2299,lasted,1
2300,inertia,1
2301,reformism,1
2302,overcome,1
2303,mutual,1
2304,mistrust,1
2305,doctrine,1
2306,thinking,1
2307,merci,1
2308,routing,1
2309,mood,1
2310,sours,1
2311,fade,1
2312,plight,1
2313,heated,1
2314,zingers,1
2315,yanis,1
2316,varoufakis,1
2317,parrots,1
2318,introducing,1
2319,compares,1
2320,extremist,1
2321,pleads,1
2322,winger,1
2323,dupont,1
2324,aignan,1
2325,afraid,1
2326,€m,1
2327,hire,1
2328,history,1
2329,deuxième,1
2330,trumpist,1
2331,shift,1
2332,whirpool,1
2333,selfies,1
2334,pollsters,1
2335,smarter,1
2336,archives,1
2337,suitors,1
2338,jostle,1
2339,attention,1
2340,enemy,1
2341,daughter,1
2342,campaigned,1
2343,arithmetic,1
2344,odds,1
2345,meddling,1
2346,backing,1
2347,wenn,1
2348,tatsächlich,1
2349,präsidentin,1
2350,wird,1
2351,rhetoric,1
2352,confirm,1
2353,defeated,1
2354,hacked,1
2355,redefines,1
2356,dash,1
2357,holds,1
2358,tongue,1
2359,pamela,1
2360,anderson,1
2361,demanded,1
2362,removed,1
2363,dans,1
2364,mouchoir,1
2365,poche,1
2366,surplus,1
2367,hurts,1
2368,steinmeier,1
2369,lawyer,1
2370,expensive,1
2371,suits,1
2372,abstainers,1
2373,arsonists,1
2374,hq,1
2375,boosters,1
2376,bubble,1
2377,points,1
2378,hostility,1
2379,denying,1
2380,roundup,1
2381,jews,1
2382,cheering,1
2383,sacré,1
2384,britons,1
2385,pains,1
2386,chaotic,1
2387,pin,1
2388,eminence,1
2389,grise,1
2390,hocked,1
2391,speeding,1
2392,demise,1
2393,replacement,1
2394,interfere,1
2395,survive,1
2396,embrace,1
2397,tactic,1
2398,banned,1
2399,hitler,1
2400,admirer,1
2401,boo,1
2402,stalinist,1
2403,invented,1
2404,survey,1
2405,dutch,1
2406,bummer,1
2407,claude,1
2408,bas,1
2409,fishermen,1
2410,hear,1
2411,siren,1
2412,canard,1
2413,vegas,1
2414,event,1
2415,attended,1
2416,sticks,1
2417,modified,1
2418,guns,1
2419,company,1
2420,helping,1
2421,clings,1
2422,undeclared,1
2423,danger,1
2424,speaks,1
2425,sunday,1
2426,flops,1
2427,distribution,1
2428,lifeboats,1
2429,beleaguered,1
2430,sniper,1
2431,accidentally,1
2432,shoots,1
2433,affaires,1
2434,baby,1
2435,fires,1
2436,testify,1
2437,mufti,1
2438,advances,1
2439,heighten,1
2440,continues,1
2441,floundering,1
2442,scientists,1
2443,lawyers,1
2444,scouted,1
2445,museum,1
2446,sues,1
2447,chiefs,1
2448,alternative,1
2449,tunned,1
2450,pens,1
2451,severance,1
2452,défense,1
2453,staying,1
2454,matters,1
2455,machete,1
2456,shouted,1
2457,allahu,1
2458,akbar,1
2459,internet,1
2460,windfall,1
2461,introduce,1
2462,contracts,1
2463,ugly,1
2464,implosion,1
2465,interrogated,1
2466,mission,1
2467,impossible,1
2468,chinese,1
2469,water,1
2470,bashing,1
2471,chair,1
2472,rajoy,1
2473,pénélope,1
2474,hardliners,1
2475,method,1
2476,robot,1
2477,marijuana,1
2478,legalizing,1
2479,spend,1
2480,promise,1
2481,early,1
2482,appointments,1
2483,prevail,1
2484,considered,1
2485,punishment,1
2486,slap,1
2487,curb,1
2488,numbers,1
2489,discuss,1
2490,vall,1
2491,incredible,1
2492,disappearing,1
2493,tower,1
2494,warning,1
2495,dangerously,1
2496,naïve,1
2497,boost,1
2498,curse,1
2499,braces,1
2500,cyberattacks,1
2501,conspiracy,1
2502,theorie,1
2503,victim,1
2504,counterrevolution,1
2505,asked,1
2506,bank,1
2507,ecu,1
2508,style,1
2509,currency,1
2510,joining,1
2511,gradualism,1
2512,borrow,1
2513,father,1
2514,lender,1
2515,salute,1
2516,jacqueline,1
2517,sauvage,1
2518,jobless,1
2519,rate,1
2520,attaque,1
2521,camion,1
2522,favorite,1
2523,primaries,1
2524,syrian,1
2525,quagmire,1
2526,weak,1
2527,kinder,1
2528,gentler,1
2529,insurance,1
2530,embarras,1
2531,devant,1
2532,alep,1
2533,feud,1
2534,payout,1
2535,fantasies,1
2536,true,1
2537,schooling,1
2538,defector,1
2539,homophobic,1
2540,insults,1
2541,reshuffles,1
2542,lame,1
2543,duck,1
2544,bernard,1
2545,named,1
2546,aims,1
2547,russophilia,1
2548,check,1
2549,divided,1
2550,simpler,1
2551,maintains,1
2552,crushing,1
2553,hirt,1
2554,ripping,1
2555,austria,1
2556,globalization,1
2557,brexiteers,1
2558,unraveling,1
2559,chaos,1
2560,confronts,1
2561,victoire,1
2562,prescribes,1
2563,play,1
2564,headaches,1
2565,thatcher,1
2566,short,1
2567,suspects,1
2568,released,1
2569,fulgurante,1
2570,thatcherite,1
2571,thing,1
2572,disruption,1
2573,hardens,1
2574,sinks,1
2575,laments,1
2576,leads,1
2577,complex,1
2578,operation,1
2579,die,1
2580,jitters,1
2581,bbc,1
2582,finalizing,1
2583,jadot,1
2584,bataclan,1
2585,reopen,1
2586,sting,1
2587,concert,1
2588,problèmes,1
2589,toughest,1
2590,duty,1
2591,recognizes,1
2592,jailing,1
2593,roma,1
2594,wwii,1
2595,apologizes,1
2596,hick,1
2597,leak,1
2598,sylvia,1
2599,loyal,1
2600,toast,1
2601,mock,1
2602,height,1
2603,hopeful,1
2604,antoinette,1
2605,tolen,1
2606,zionist,1
2607,clearing,1
2608,jungle,1
2609,waiting,1
2610,widens,1
2611,margin,1
2612,pushed,1
2613,virée,1
2614,bruxelloise,1
2615,tourment,1
2616,disrupt,1
2617,religion,1
2618,casts,1
2619,primaire,1
2620,unfriend,1
2621,mugged,1
2622,referendums,1
2623,towns,1
2624,veste,1
2625,leaked,1
2626,preparing,1
2627,edges,1
2628,congressman,1
2629,dogged,1
2630,bataille,1
2631,optimisme,1
2632,trash,1
2633,pulls,1
2634,recordings,1
2635,flow,1
2636,disorder,1
2637,ranks,1
2638,gap,1
2639,central,1
2640,banker,1
2641,dilemme,1
2642,presidents,1
2643,gallic,1
2644,ancestry,1
2645,denial,1
2646,housing,1
2647,sentences,1
2648,cas,1
2649,cahuzac,1
2650,trauma,1
2651,caused,1
2652,bullet,1
2653,commentator,1
2654,dany,1
2655,cohn,1
2656,bendit,1
2657,annihilated,1
2658,danny,1
2659,red,1
2660,talking,1
2661,choice,1
2662,catholic,1
2663,prosecutors,1
2664,costs,1
2665,learns,1
2666,exceptional,1
2667,trahison,1
2668,insultes,1
2669,banishes,1
2670,insignia,1
2671,bare,1
2672,facts,1
2673,gloves,1
2674,ignore,1
2675,ruling,1
2676,highest,1
2677,scolds,1
2678,criticizing,1
2679,sadiq,1
2680,khan,1
2681,bernie,1
2682,sanders,1
2683,wearing,1
2684,beach,1
2685,creator,1
2686,boosting,1
2687,august,1
2688,narcissisme,1
2689,voltaire,1
2690,swagger,1
2691,provoking,1
2692,compatible,1
2693,corsican,1
2694,daily,1
2695,fuming,1
2696,lionel,1
2697,barber,1
2698,waterpark,1
2699,légion,1
2700,sickening,1
2701,form,1
2702,guard,1
2703,demand,1
2704,places,1
2705,worship,1
2706,nudges,1
2707,rightward,1
2708,trumpization,1
2709,lights,1
2710,imf,1
2711,spoil,1
2712,aid,1
2713,businesses,1
2714,extend,1
2715,upends,1
2716,routine,1
2717,decides,1
2718,provoked,1
2719,hair,1
2720,today,1
2721,tomorrow,1
2722,hairdresser,1
2723,month,1
2724,spared,1
2725,stratégies,1
2726,defies,1
2727,lawmakers,1
2728,negotiation,1
2729,cross,1
2730,workers,1
2731,rocard,1
2732,died,1
2733,choc,1
2734,malaise,1
2735,camps,1
2736,moved,1
2737,ways,1
2738,understand,1
2739,shortcoming,1
2740,docks,1
2741,nous,1
2742,delivery,1
2743,martinez,1
2744,intervention,1
2745,opportunity,1
2746,gasp,1
2747,fronde,1
2748,sociale,1
2749,match,1
2750,pilots,1
2751,defender,1
2752,grève,1
2753,digs,1
2754,heels,1
2755,strikers,1
2756,pol,1
2757,discredit,1
2758,trader,1
2759,jérôme,1
2760,kerviel,1
2761,dismissal,1
2762,claim,1
2763,zlatan,1
2764,visas,1
2765,soccer,1
2766,fans,1
2767,pelted,1
2768,eggs,1
2769,mob,1
2770,orsay,1
2771,museums,1
2772,flooding,1
2773,sondages,1
2774,hubert,1
2775,védrine,1
2776,pause,1
2777,protesting,1
2778,ein,1
2779,albtraum,1
2780,von,1
2781,einem,1
2782,gipfel,1
2783,gathering,1
2784,frankreichs,1
2785,rechtspopulisten,1
2786,betteln,1
2787,banken,1
2788,stuck,1
2789,gear,1
2790,hostage,1
2791,spreads,1
2792,strapped,1
2793,baupin,1
2794,étrange,1
2795,shortages,1
2796,told,1
2797,sides,1
2798,flics,1
2799,argent,1
2800,pushing,1
2801,mideast,1
2802,peace,1
2803,broker,1
2804,frank,1
2805,underwood,1
2806,inappropriate,1
2807,female,1
2808,ram,1
2809,bus,1
2810,drivers,1
2811,runs,1
2812,guerre,1
2813,perceptions,1
2814,fighting,1
2815,gaulle,1
2816,languages,1
2817,smiling,1
2818,sursaut,1
2819,hollandai,1
2820,christophe,1
2821,caresche,1
2822,exist,1
2823,joke,1
2824,allegation,1
2825,feminist,1
2826,tournament,1
2827,destin,1
2828,chine,1
2829,bashes,1
2830,finkiel,1
2831,blocking,1
2832,companies,1
2833,adapting,1
2834,boys,1
2835,jihad,1
2836,irrelevance,1
2837,pact,1
2838,payouts,1
2839,nip,1
2840,student,1
2841,nuit,1
2842,debout,1
2843,communication,1
2844,dismiss,1
2845,unclear,1
2846,friends,1
2847,honest,1
2848,panama,1
2849,axe,1
2850,shrugs,1
2851,setback,1
2852,deradicalization,1
2853,efforts,1
2854,capture,1
2855,abdeslam,1
2856,featuring,1
2857,cats,1
2858,narrow,1
2859,smiles,1
2860,afd,1
2861,allemagne,1
2862,perte,1
2863,vitesse,1
2864,joker,1
2865,blinks,1
2866,infuriates,1
2867,avenir,1
2868,entre,1
2869,periscope,1
2870,assistant,1
2871,finances,1
2872,confection,1
2873,fudge,1
2874,art,1
2875,write,1
2876,reforming,1
2877,uncomfortable,1
2878,nationality,1
2879,fabius,1
2880,david,1
2881,cameron,1
2882,measure,1
2883,ségolène,1
2884,abused,1
2885,eroded,1
2886,refugees,1
2887,fines,1
2888,justice,1
2889,exposes,1
2890,airport,1
2891,wonders,1
2892,grid,1
2893,errors,1
2894,pre,1
2895,answers,1
2896,skullcap,1
2897,exodus,1
2898,default,1
2899,civil,1
2900,servants,1
2901,decider,1
2902,reasserts,1
2903,authority,1
2904,thwarts,1
2905,plastic,1
2906,bag,1
2907,ire,1
2908,stripping,1
2909,doctor,1
2910,visits,1
2911,glimmer,1
2912,comparison,1
2913,purges,1
2914,regions,1
2915,voter,1
2916,rapture,1
2917,austerity,1
2918,boosted,1
2919,mainstream,1
2920,disaster,1
2921,sniping,1
2922,renault,1
2923,boss,1
2924,stakes,1
2925,foreigners,1
2926,discrimination,1
2927,voting,1
2928,habits,1
2929,scrutiny,1
2930,fling,1
2931,fiasco,1
2932,defectors,1
2933,punches,1
2934,wait,1
2935,reins,1
2936,bombing,1
2937,kid,1
2938,bomb,1
2939,assad,1
2940,disagree,1
2941,inciting,1
2942,racial,1
2943,hatred,1
2944,taboo,1
2945,ethnic,1
2946,statistics,1
2947,intellectual,1
2948,schengen,1
2949,dsk,1
2950,visionles,1
2951,hour,1
2952,workaround,1
2953,image,1
2954,doctored,1
2955,warfare,1
2956,double,1
2957,convergence,1
2958,whine,1
2959,rosés,1
2960,snub,1
2961,dad,1
2962,hearing,1
2963,sick,1
2964,farmer,1
2965,gloomy,1
2966,reprieve,1
2967,ouster,1
