,Word,Title Frequency,Word Frequency
0,macron,522,7103
1,french,473,6187
2,france,251,4890
3,pen,176,2694
4,emmanuel,129,1359
5,françois,109,1026
6,marine,101,907
7,hollande,92,1663
8,fillon,78,1443
9,trump,73,1144
10,election,72,1970
11,minister,69,3003
12,sarkozy,68,1268
13,loop,64,5
14,europe,59,1647
15,paris,56,2261
16,brexit,52,729
17,yellow,49,496
18,valls,41,744
19,european,40,2697
20,poll,40,433
21,presidential,39,1523
22,nicolas,38,427
23,party,37,3368
24,manuel,36,217
25,national,34,1982
26,police,34,784
27,calls,34,187
28,campaign,32,1450
29,coronavirus,31,238
30,jackets,31,303
31,report,30,262
32,parliament,30,1275
33,merkel,29,626
34,reform,29,714
35,—,28,0
36,government,26,2228
37,german,26,760
38,debate,25,572
39,vote,25,960
40,left,24,1551
41,week,23,897
42,president,23,4233
43,labor,23,471
44,protests,21,480
45,cartoonists,21,3
46,events,21,77
47,attack,21,366
48,jean,21,793
49,leader,20,1071
50,chief,20,400
51,germany,19,738
52,face,19,391
53,faces,18,161
54,plan,18,367
55,protest,18,246
56,jacket,18,186
57,big,18,445
58,presidency,18,560
59,juppé,18,574
60,terror,17,171
61,italy,17,281
62,theresa,17,147
63,probe,16,87
64,anti,16,622
65,ban,16,178
66,political,16,1887
67,cabinet,16,328
68,€,16,563
69,primary,16,592
70,burkini,16,87
71,mayor,15,323
72,takes,15,100
73,takeaways,15,15
74,socialist,15,1128
75,ahead,14,489
76,bid,14,209
77,media,14,645
78,scandal,14,199
79,elections,14,540
80,deal,14,438
81,security,14,583
82,trial,14,130
83,win,14,480
84,russia,13,400
85,law,13,508
86,britain,13,384
87,change,13,530
88,leaders,13,591
89,man,13,387
90,violent,13,147
91,politics,13,539
92,war,13,365
93,court,13,278
94,marie,13,206
95,fight,12,306
96,day,12,604
97,prosecutor,12,133
98,attacks,12,356
99,lead,12,327
100,june,12,331
101,mélenchon,12,417
102,brussels,12,464
103,talks,12,283
104,alain,12,240
105,parliamentary,12,473
106,foreign,11,632
107,putin,11,277
108,climate,11,245
109,islam,11,213
110,year,11,1534
111,aide,11,237
112,migration,11,167
113,meet,11,196
114,race,11,279
115,donald,11,347
116,brigitte,11,76
117,migrants,11,215
118,socialists,11,248
119,battle,10,147
120,politicians,10,363
121,amid,10,110
122,investigation,10,339
123,free,10,277
124,visit,10,302
125,tax,10,319
126,problem,10,276
127,violence,10,253
128,reforms,10,435
129,stand,10,159
130,voters,10,900
131,moment,10,143
132,september,10,240
133,des,10,258
134,euro,10,218
135,april,10,287
136,lockdown,9,128
137,long,9,678
138,tough,9,141
139,green,9,201
140,support,9,852
141,watch,9,61
142,ambassador,9,111
143,trip,9,118
144,hits,9,8
145,…,9,398
146,strikes,9,142
147,union,9,691
148,wife,9,206
149,victory,9,313
150,conservative,9,952
151,conservatives,8,184
152,fights,8,17
153,poland,8,143
154,corruption,8,74
155,news,8,405
156,return,8,165
157,steps,8,70
158,mep,8,197
159,ally,8,126
160,migrant,8,71
161,berlin,8,274
162,interior,8,284
163,nice,8,147
164,hard,8,390
165,power,8,536
166,ministers,8,302
167,fraud,8,76
168,majority,8,380
169,italian,8,208
170,russian,8,321
171,october,8,184
172,protesters,8,243
173,spain,8,149
174,popularity,8,125
175,quits,8,2
176,jobs,8,207
177,fake,8,91
178,quit,8,65
179,movement,8,767
180,finance,8,345
181,state,8,808
182,maire,8,250
183,calais,8,111
184,house,8,216
185,push,7,180
186,health,7,340
187,warns,7,14
188,sparks,7,2
189,camp,7,193
190,policy,7,618
191,seeks,7,29
192,military,7,269
193,ready,7,177
194,rally,7,336
195,time,7,1276
196,candidate,7,1164
197,wins,7,75
198,pension,7,129
199,funds,7,206
200,march,7,277
201,luc,7,193
202,center,7,565
203,set,7,390
204,papers,7,187
205,summit,7,236
206,talk,7,172
207,test,7,90
208,à,7,236
209,death,6,132
210,vaccine,6,84
211,barnier,6,122
212,dies,6,5
213,amazon,6,168
214,future,6,333
215,slams,6,0
216,reports,6,119
217,starts,6,40
218,radical,6,215
219,mps,6,261
220,vows,6,4
221,lesson,6,26
222,plans,6,379
223,allegations,6,227
224,risks,6,80
225,meeting,6,506
226,announces,6,6
227,things,6,279
228,launches,6,3
229,bad,6,126
230,defense,6,385
231,democracy,6,187
232,knife,6,35
233,summer,6,156
234,low,6,157
235,prime,6,1415
236,case,6,423
237,post,6,245
238,denies,6,26
239,philippe,6,494
240,round,6,916
241,market,6,267
242,populism,6,75
243,orders,6,38
244,goulard,6,121
245,charged,6,67
246,promises,6,66
247,johnson,6,130
248,bannon,6,68
249,candidates,6,567
250,clash,6,35
251,vision,6,146
252,cancels,6,0
253,belgian,6,72
254,emergency,6,119
255,hit,6,154
256,army,6,69
257,coalition,6,227
258,spat,6,33
259,row,6,35
260,catalonia,6,61
261,marion,6,151
262,syria,6,182
263,press,6,477
264,boris,6,66
265,franco,6,134
266,offensive,6,36
267,november,6,353
268,refugee,6,76
269,runoff,6,166
270,wing,6,530
271,fall,5,140
272,border,5,160
273,sets,5,21
274,fears,5,70
275,environment,5,119
276,closes,5,3
277,school,5,200
278,white,5,136
279,legal,5,232
280,polish,5,81
281,bans,5,25
282,group,5,669
283,city,5,328
284,pressure,5,150
285,accused,5,308
286,social,5,608
287,allies,5,248
288,reelection,5,88
289,response,5,237
290,people,5,1614
291,protect,5,115
292,eyes,5,63
293,work,5,687
294,opens,5,12
295,ties,5,123
296,giscard,5,90
297,dead,5,72
298,controversial,5,171
299,outrage,5,55
300,commission,5,406
301,supporters,5,318
302,pro,5,313
303,confidential,5,16
304,erdoğan,5,79
305,action,5,198
306,charlie,5,61
307,accuses,5,14
308,lebanon,5,83
309,wall,5,42
310,local,5,413
311,elysée,5,301
312,good,5,322
313,crisis,5,422
314,defeat,5,177
315,polls,5,538
316,unions,5,256
317,trouble,5,80
318,london,5,210
319,job,5,358
320,backs,5,22
321,liberal,5,256
322,notre,5,58
323,dame,5,51
324,list,5,226
325,running,5,349
326,truth,5,67
327,salvini,5,94
328,aim,5,99
329,budget,5,299
330,fuel,5,98
331,pay,5,231
332,approval,5,161
333,ratings,5,89
334,prepares,5,16
335,days,5,457
336,lost,5,241
337,life,5,246
338,start,5,300
339,game,5,55
340,catalan,5,131
341,spokesman,5,129
342,sur,5,100
343,pledges,5,18
344,tensions,5,82
345,angela,5,265
346,great,5,264
347,bayrou,5,118
348,happened,5,91
349,débat,5,17
350,penelopegate,5,16
351,paid,5,160
352,league,4,122
353,hold,4,188
354,lift,4,42
355,pakistan,4,21
356,leave,4,277
357,restrictions,4,60
358,elite,4,112
359,claims,4,87
360,covid,4,105
361,ministry,4,280
362,imposes,4,8
363,moves,4,34
364,urges,4,2
365,lgbt,4,18
366,authorities,4,245
367,zone,4,50
368,public,4,1071
369,pari,4,66
370,defends,4,5
371,inquiry,4,25
372,rape,4,50
373,abuse,4,58
374,speed,4,70
375,drive,4,63
376,curfew,4,25
377,book,4,224
378,michel,4,166
379,comeback,4,37
380,investigated,4,27
381,rejects,4,16
382,criticism,4,213
383,break,4,131
384,christmas,4,52
385,referendum,4,241
386,turkey,4,131
387,lessons,4,39
388,estaing,4,54
389,holiday,4,43
390,rights,4,216
391,muslims,4,148
392,years,4,976
393,american,4,177
394,regional,4,245
395,killed,4,122
396,hebdo,4,46
397,diplomacy,4,43
398,terrorism,4,235
399,strasbourg,4,97
400,libya,4,74
401,racism,4,58
402,comments,4,185
403,challenge,4,182
404,measures,4,312
405,deputy,4,127
406,eastern,4,132
407,offers,4,33
408,percent,4,1614
409,names,4,43
410,reshuffle,4,49
411,resign,4,55
412,queen,4,18
413,clashes,4,32
414,care,4,136
415,resignation,4,102
416,sexual,4,100
417,revolt,4,39
418,electoral,4,159
419,charges,4,94
420,asks,4,11
421,nato,4,236
422,centrist,4,366
423,formal,4,126
424,admits,4,9
425,financing,4,67
426,iran,4,130
427,king,4,63
428,laurent,4,102
429,ditch,4,13
430,unveils,4,1
431,boy,4,26
432,risk,4,235
433,decision,4,431
434,cash,4,47
435,love,4,74
436,immunity,4,31
437,letter,4,132
438,drops,4,11
439,speech,4,458
440,stars,4,34
441,illegal,4,96
442,juncker,4,109
443,riots,4,44
444,nazi,4,41
445,remain,4,265
446,threatens,4,16
447,joins,4,10
448,dream,4,32
449,nightmare,4,11
450,belgium,4,103
451,high,4,470
452,maréchal,4,119
453,key,4,186
454,elected,4,353
455,record,4,192
456,hell,4,12
457,renzi,4,53
458,steve,4,40
459,close,4,387
460,bruno,4,173
461,british,4,466
462,january,4,313
463,journalist,4,103
464,rules,4,271
465,december,4,299
466,launch,4,88
467,family,4,186
468,turnout,4,115
469,vladimir,4,113
470,hamon,4,300
471,louvre,4,32
472,hacking,4,28
473,revolution,4,57
474,clinton,4,52
475,decide,3,97
476,football,3,94
477,pushes,3,8
478,ukraine,3,74
479,tougher,3,51
480,travel,3,83
481,mosque,3,40
482,schools,3,92
483,culture,3,127
484,add,3,43
485,protection,3,68
486,constitution,3,102
487,oppose,3,47
488,religious,3,113
489,jail,3,30
490,strategy,3,194
491,meps,3,137
492,save,3,75
493,called,3,816
494,adopts,3,2
495,islamist,3,76
496,unfair,3,36
497,trust,3,75
498,condemn,3,23
499,rescue,3,29
500,cat,3,8
501,slow,3,49
502,children,3,165
503,read,3,109
504,controversy,3,86
505,friend,3,86
506,politico,3,527
507,members,3,535
508,gamble,3,9
509,portugal,3,33
510,costa,3,33
511,isolate,3,10
512,beating,3,47
513,black,3,74
514,arms,3,49
515,surprise,3,84
516,demands,3,80
517,lie,3,28
518,longer,3,245
519,hate,3,52
520,split,3,78
521,team,3,200
522,wage,3,82
523,food,3,56
524,critics,3,124
525,teacher,3,79
526,opening,3,66
527,beheading,3,16
528,connection,3,22
529,search,3,32
530,spread,3,89
531,politician,3,185
532,dialogue,3,92
533,suspect,3,50
534,injured,3,54
535,approach,3,207
536,twitter,3,263
537,castaner,3,127
538,rebels,3,29
539,women,3,225
540,office,3,536
541,monday,3,552
542,term,3,437
543,greens,3,109
544,stumbles,3,3
545,major,3,392
546,cities,3,147
547,signals,3,16
548,woes,3,17
549,worker,3,59
550,tackle,3,56
551,north,3,164
552,africa,3,68
553,parallel,3,34
554,edouard,3,119
555,fate,3,52
556,puts,3,40
557,plots,3,3
558,exit,3,77
559,financial,3,323
560,lives,3,68
561,nuclear,3,121
562,plays,3,16
563,shirt,3,20
564,guide,3,29
565,charlemagne,3,8
566,sylvie,3,44
567,domestic,3,164
568,failure,3,86
569,official,3,683
570,anger,3,112
571,sees,3,84
572,jacques,3,143
573,chirac,3,161
574,beautiful,3,35
575,united,3,393
576,wauquiez,3,127
577,appeal,3,120
578,young,3,304
579,orbán,3,55
580,brace,3,2
581,parties,3,453
582,campaigns,3,86
583,lower,3,177
584,soldiers,3,44
585,general,3,324
586,declares,3,3
587,head,3,428
588,greatest,3,29
589,aides,3,164
590,grand,3,112
591,metoo,3,15
592,pick,3,73
593,influence,3,156
594,protester,3,39
595,real,3,303
596,approves,3,0
597,kill,3,31
598,raid,3,23
599,flag,3,40
600,tighten,3,8
601,mistake,3,60
602,angry,3,51
603,blows,3,12
604,trolls,3,6
605,defuse,3,9
606,platform,3,261
607,students,3,124
608,gas,3,94
609,spy,3,28
610,resigns,3,5
611,frenchman,3,18
612,cuts,3,101
613,torture,3,7
614,hulot,3,72
615,refuses,3,23
616,votes,3,249
617,benalla,3,107
618,invites,3,5
619,greece,3,66
620,bodyguard,3,21
621,isis,3,28
622,point,3,383
623,fine,3,65
624,madrid,3,50
625,sun,3,34
626,spanish,3,119
627,asylum,3,112
628,kim,3,11
629,phone,3,70
630,rallies,3,56
631,citizenship,3,55
632,harassment,3,64
633,money,3,229
634,islamic,3,124
635,accord,3,38
636,shoulder,3,24
637,puigdemont,3,47
638,questions,3,196
639,remark,3,14
640,libyan,3,34
641,funding,3,82
642,address,3,193
643,west,3,85
644,newspapers,3,48
645,eurozone,3,321
646,candidacy,3,119
647,dilemma,3,20
648,pictures,3,39
649,rivals,3,194
650,banks,3,88
651,magic,3,5
652,♥,3,0
653,cost,3,117
654,class,3,164
655,reality,3,85
656,marche,3,443
657,borders,3,116
658,jupiter,3,25
659,lady,3,33
660,reasons,3,111
661,hiring,3,84
662,schulz,3,81
663,forget,3,38
664,breach,3,25
665,soft,3,27
666,assistants,3,83
667,nepotism,3,23
668,pour,3,124
669,présidentiel,3,3
670,endorses,3,0
671,fast,3,64
672,fear,3,106
673,campagne,3,22
674,tour,3,43
675,percée,3,3
676,penelope,3,65
677,attacked,3,67
678,path,3,56
679,isil,3,66
680,affaire,3,7
681,rival,3,232
682,momentum,3,74
683,lagarde,3,27
684,legion,3,10
685,droite,3,14
686,card,3,26
687,panic,3,16
688,muslim,3,212
689,uber,3,37
690,taxi,3,48
691,terms,2,151
692,jewish,2,54
693,navalny,2,22
694,india,2,11
695,cut,2,114
696,troops,2,64
697,age,2,178
698,consent,2,23
699,citizens,2,269
700,stands,2,64
701,raises,2,21
702,secular,2,32
703,probes,2,14
704,dinner,2,57
705,meetings,2,116
706,extends,2,4
707,nationwide,2,53
708,blind,2,22
709,sluggish,2,9
710,astrazeneca,2,20
711,mulls,2,2
712,digital,2,97
713,conviction,2,26
714,citizen,2,96
715,pits,2,2
716,meals,2,11
717,eurostar,2,9
718,islamo,2,15
719,leftist,2,89
720,assembly,2,212
721,meant,2,122
722,ambitions,2,52
723,sciences,2,84
724,opponents,2,137
725,comment,2,146
726,mckinsey,2,48
727,gang,2,14
728,finds,2,22
729,countries,2,600
730,relationship,2,217
731,sales,2,36
732,lose,2,139
733,issues,2,325
734,hopes,2,73
735,rattle,2,2
736,rollout,2,15
737,mind,2,102
738,gérald,2,49
739,darmanin,2,191
740,risky,2,19
741,semitic,2,35
742,lunch,2,64
743,award,2,9
744,environmental,2,85
745,combat,2,45
746,gay,2,53
747,tank,2,54
748,hungary,2,55
749,rule,2,116
750,pays,2,28
751,tribute,2,23
752,season,2,18
753,tourists,2,28
754,valéry,2,32
755,images,2,754
756,expresses,2,2
757,journalists,2,209
758,beats,2,2
759,friday,2,354
760,mail,2,65
761,stresses,2,1
762,knocks,2,0
763,biden,2,32
764,backlash,2,55
765,wounded,2,18
766,urge,2,8
767,diplomatic,2,170
768,turmoil,2,21
769,minimum,2,67
770,deadly,2,22
771,decries,2,1
772,inside,2,72
773,cartoons,2,38
774,recalls,2,4
775,killing,2,51
776,mayors,2,72
777,requests,2,34
778,detain,2,9
779,areas,2,114
780,initiative,2,93
781,main,2,302
782,offices,2,39
783,number,2,322
784,arrest,2,38
785,criticizes,2,6
786,destruction,2,22
787,making,2,339
788,lawmaker,2,41
789,beirut,2,32
790,stage,2,178
791,question,2,332
792,ruin,2,7
793,deadline,2,33
794,economy,2,589
795,shrinks,2,0
796,closures,2,8
797,hould,2,0
798,distancing,2,17
799,ditches,2,0
800,reveal,2,17
801,loser,2,23
802,sentenced,2,25
803,conquer,2,7
804,considers,2,29
805,fined,2,20
806,chokehold,2,5
807,arrests,2,20
808,hints,2,13
809,scraps,2,2
810,bastille,2,43
811,demonstration,2,46
812,draws,2,18
813,hands,2,112
814,loses,2,21
815,alleged,2,135
816,sound,2,36
817,lonely,2,6
818,shutdown,2,12
819,epidemic,2,42
820,democratic,2,207
821,unity,2,89
822,education,2,160
823,tests,2,22
824,positive,2,68
825,fails,2,21
826,level,2,241
827,confirms,2,8
828,kicks,2,13
829,account,2,105
830,website,2,84
831,thinks,2,49
832,winning,2,185
833,forced,2,150
834,truce,2,13
835,playing,2,65
836,discontent,2,30
837,count,2,50
838,overhaul,2,90
839,process,2,181
840,mark,2,76
841,worse,2,58
842,liberals,2,43
843,starring,2,2
844,finger,2,12
845,internal,2,155
846,failures,2,17
847,rest,2,96
848,sarko,2,20
849,breaks,2,16
850,friendship,2,27
851,tree,2,9
852,rich,2,67
853,alliance,2,174
854,repay,2,13
855,endgame,2,2
856,ballot,2,67
857,euroskeptic,2,78
858,freeze,2,11
859,fundraising,2,11
860,adviser,2,286
861,reaches,2,7
862,tech,2,45
863,officials,2,594
864,extreme,2,78
865,open,2,286
866,street,2,142
867,champion,2,35
868,lifts,2,3
869,cdu,2,50
870,renaissance,2,66
871,expect,2,79
872,munich,2,10
873,loss,2,58
874,dispute,2,59
875,bardot,2,8
876,lays,2,4
877,matteo,2,64
878,blames,2,6
879,mercron,2,1
880,fury,2,22
881,prison,2,61
882,dozens,2,54
883,arrested,2,76
884,davos,2,23
885,maio,2,53
886,picks,2,7
887,stories,2,33
888,passport,2,29
889,troubles,2,47
890,shot,2,98
891,calm,2,46
892,economic,2,582
893,lock,2,19
894,video,2,129
895,taxing,2,14
896,turn,2,224
897,riot,2,34
898,acting,2,44
899,motorist,2,1
900,royal,2,71
901,blasts,2,2
902,looms,2,4
903,slip,2,16
904,latest,2,156
905,opinion,2,233
906,result,2,244
907,sons,2,3
908,saudi,2,29
909,prince,2,16
910,sale,2,31
911,tells,2,19
912,machine,2,36
913,control,2,187
914,forces,2,233
915,hand,2,190
916,barcelona,2,34
917,plummets,2,0
918,ordered,2,61
919,€k,2,0
920,calling,2,226
921,cheer,2,7
922,popular,2,262
923,departure,2,68
924,bump,2,10
925,plot,2,17
926,shock,2,61
927,transfer,2,23
928,star,2,122
929,survives,2,2
930,confidence,2,113
931,ice,2,10
932,manu,2,6
933,beatle,2,0
934,continent,2,121
935,direction,2,67
936,showdown,2,29
937,era,2,53
938,pack,2,8
939,bridge,2,22
940,half,2,189
941,seek,2,124
942,premier,2,41
943,ngo,2,24
944,train,2,74
945,grinds,2,0
946,governing,2,61
947,guilty,2,34
948,prize,2,35
949,australian,2,5
950,deliciou,2,0
951,distance,2,54
952,chance,2,227
953,rebellion,2,53
954,study,2,54
955,olivier,2,77
956,faure,2,22
957,upholds,2,0
958,républicains,2,486
959,supermarket,2,29
960,wake,2,99
961,renaming,2,2
962,proposes,2,17
963,revenge,2,26
964,northern,2,154
965,values,2,198
966,policies,2,274
967,divides,2,8
968,vestager,2,45
969,falls,2,21
970,deep,2,127
971,appeals,2,21
972,flirtation,2,1
973,unsettles,2,0
974,jong,2,9
975,gambit,2,1
976,boosts,2,3
977,mass,2,80
978,brawl,2,10
979,pledge,2,61
980,raise,2,70
981,wave,2,103
982,winners,2,11
983,losers,2,11
984,delays,2,18
985,mayday,2,1
986,israel,2,54
987,door,2,75
988,smile,2,14
989,task,2,89
990,force,2,291
991,charm,2,8
992,collapse,2,59
993,silicon,2,10
994,valley,2,17
995,seine,2,38
996,stripped,2,15
997,bonds,2,18
998,léglise,2,20
999,beat,2,66
1000,signs,2,69
1001,florian,2,77
1002,philippot,2,189
1003,gate,2,5
1004,predicts,2,5
1005,pitch,2,21
1006,shipyard,2,10
1007,heads,2,75
1008,rentrée,2,3
1009,jeremy,2,34
1010,corbyn,2,38
1011,unemployment,2,190
1012,episode,2,19
1013,makeover,2,1
1014,months,2,552
1015,reveals,2,13
1016,role,2,317
1017,rebel,2,36
1018,korea,2,36
1019,contest,2,80
1020,mirror,2,27
1021,martin,2,69
1022,avoid,2,166
1023,soul,2,24
1024,lashes,2,1
1025,agree,2,120
1026,mano,2,2
1027,tête,2,13
1028,shape,2,36
1029,obstacles,2,29
1030,independence,2,121
1031,dreams,2,13
1032,hamburg,2,19
1033,hangover,2,2
1034,project,2,167
1035,tate,2,0
1036,versailles,2,39
1037,moscovici,2,24
1038,simone,2,11
1039,veil,2,38
1040,seizes,2,0
1041,ethics,2,21
1042,hijack,2,3
1043,step,2,173
1044,judge,2,68
1045,élections,2,4
1046,dorian,2,2
1047,gray,2,10
1048,élysée,2,70
1049,burkinis,2,15
1050,richard,2,58
1051,ferrand,2,137
1052,night,2,250
1053,travail,2,21
1054,fired,2,47
1055,reacted,2,29
1056,reads,2,24
1057,learned,2,29
1058,cyber,2,13
1059,targets,2,41
1060,live,2,156
1061,increases,2,20
1062,reject,2,32
1063,frexit,2,22
1064,headed,2,56
1065,leftists,2,26
1066,chamber,2,32
1067,supporting,2,58
1068,unites,2,4
1069,final,2,218
1070,neck,2,59
1071,decline,2,54
1072,interview,2,418
1073,wartime,2,6
1074,firebrand,2,41
1075,threat,2,160
1076,loves,2,3
1077,hired,2,38
1078,billionaire,2,17
1079,daughters,2,14
1080,unchained,2,0
1081,build,2,149
1082,received,2,146
1083,loan,2,53
1084,husband,2,61
1085,february,2,132
1086,splits,2,3
1087,breitbart,2,40
1088,headscarf,2,32
1089,deepen,2,20
1090,attacker,2,40
1091,payments,2,33
1092,choices,2,44
1093,growing,2,111
1094,mp,2,260
1095,cover,2,62
1096,christine,2,22
1097,tycoon,2,5
1098,candidature,2,5
1099,cazeneuve,2,44
1100,worst,2,72
1101,hope,2,199
1102,air,2,106
1103,knock,2,15
1104,politique,2,21
1105,editor,2,93
1106,dismantle,2,7
1107,lobby,2,32
1108,sms,2,3
1109,exclusion,2,8
1110,closer,2,107
1111,arnaud,2,71
1112,montebourg,2,153
1113,offer,2,111
1114,corsica,2,26
1115,alstom,2,36
1116,avec,2,53
1117,hillary,2,34
1118,woman,2,113
1119,town,2,177
1120,honneur,2,13
1121,behavior,2,74
1122,liar,2,4
1123,july,2,190
1124,sanctions,2,90
1125,loi,2,13
1126,single,2,146
1127,access,2,88
1128,allemand,2,4
1129,fail,2,39
1130,business,2,246
1131,strike,2,175
1132,ibrahimović,2,6
1133,sapin,2,37
1134,rogue,2,3
1135,“,2,0
1136,”,2,0
1137,ça,2,26
1138,mieux,2,8
1139,ttip,2,10
1140,youth,2,77
1141,cartoon,2,15
1142,carousel,2,0
1143,ruined,2,3
1144,scrambles,2,0
1145,strides,1,1
1146,cultural,1,82
1147,napoleon,1,41
1148,memory,1,24
1149,reeling,1,11
1150,kiss,1,8
1151,glut,1,1
1152,struggles,1,29
1153,fallout,1,34
1154,pensioner,1,7
1155,murder,1,54
1156,launched,1,195
1157,fatal,1,11
1158,stabbing,1,4
1159,super,1,60
1160,responsible,1,90
1161,quarantine,1,14
1162,travelers,1,18
1163,slam,1,2
1164,breakaway,1,16
1165,uper,1,0
1166,advises,1,9
1167,temporarily,1,25
1168,bring,1,179
1169,brazil,1,21
1170,flight,1,19
1171,suspension,1,16
1172,vandalism,1,7
1173,concerns,1,148
1174,trumped,1,1
1175,reformist,1,46
1176,luxury,1,22
1177,curbs,1,0
1178,tears,1,15
1179,consultancy,1,16
1180,deals,1,51
1181,rwandan,1,5
1182,genocide,1,14
1183,hospital,1,57
1184,reboot,1,3
1185,oxford,1,11
1186,monthlong,1,1
1187,region,1,280
1188,setting,1,85
1189,zones,1,24
1190,threatened,1,71
1191,withhold,1,6
1192,prevented,1,21
1193,pass,1,78
1194,venues,1,7
1195,till,1,3
1196,convicted,1,40
1197,generation,1,79
1198,identity,1,138
1199,pupils,1,14
1200,banning,1,51
1201,symbols,1,24
1202,sentence,1,41
1203,crushes,1,3
1204,prospects,1,28
1205,rocks,1,6
1206,convention,1,74
1207,flirting,1,2
1208,quarrels,1,5
1209,meatless,1,3
1210,riviera,1,11
1211,weekend,1,158
1212,leftism,1,13
1213,anchor,1,9
1214,patrick,1,55
1215,poivre,1,8
1216,arvor,1,8
1217,scouring,1,3
1218,catch,1,25
1219,fraudsters,1,0
1220,bias,1,1
1221,academia,1,2
1222,extremism,1,31
1223,gathers,1,3
1224,illustrated,1,11
1225,obstacle,1,26
1226,challengers,1,10
1227,spars,1,0
1228,clément,1,22
1229,beaune,1,101
1230,director,1,117
1231,duhamel,1,26
1232,advantage,1,56
1233,cabinets,1,22
1234,conseil,1,32
1235,comme,1,28
1236,ont,1,39
1237,conquis,1,0
1238,consultants,1,35
1239,expulsion,1,14
1240,diplomats,1,61
1241,china,1,127
1242,dissatisfaction,1,9
1243,rise,1,161
1244,admires,1,1
1245,warp,1,1
1246,quasi,1,13
1247,ineffective,1,7
1248,older,1,32
1249,hamper,1,2
1250,dog,1,7
1251,pet,1,8
1252,stores,1,20
1253,sufficient,1,21
1254,apologize,1,9
1255,algeria,1,21
1256,colonization,1,13
1257,benefits,1,81
1258,invisible,1,13
1259,hurt,1,35
1260,charter,1,33
1261,imams,1,22
1262,piercing,1,0
1263,wrinkles,1,2
1264,ruckus,1,3
1265,procurement,1,17
1266,incest,1,5
1267,scientist,1,32
1268,establishment,1,143
1269,consultancies,1,29
1270,vaccination,1,69
1271,poses,1,35
1272,busting,1,4
1273,rave,1,2
1274,quiz,1,0
1275,condemned,1,45
1276,angers,1,5
1277,tweets,1,40
1278,targeting,1,36
1279,contestant,1,1
1280,prompts,1,3
1281,dishonorable,1,1
1282,italians,1,15
1283,egypt,1,11
1284,radicalism,1,19
1285,niece,1,60
1286,authoritarian,1,26
1287,vetoing,1,0
1288,visionary,1,8
1289,intelligence,1,115
1290,inspect,1,5
1291,mosques,1,23
1292,suspicion,1,37
1293,eparatism,1,0
1294,alpine,1,1
1295,ski,1,18
1296,resorts,1,4
1297,dread,1,2
1298,backtrack,1,3
1299,thousands,1,137
1300,hame,1,0
1301,rewrite,1,13
1302,eases,1,1
1303,dismantling,1,14
1304,feeds,1,7
1305,footage,1,52
1306,postpone,1,15
1307,rectify,1,2
1308,blatant,1,4
1309,treatment,1,39
1310,tanker,1,2
1311,depends,1,13
1312,guarantee,1,46
1313,crackdown,1,22
1314,filming,1,8
1315,ballots,1,30
1316,lax,1,7
1317,learn,1,34
1318,delay,1,41
1319,imam,1,8
1320,feasible,1,2
1321,rector,1,2
1322,experiment,1,17
1323,muddled,1,4
1324,messaging,1,15
1325,fuels,1,7
1326,contradicts,1,3
1327,dissolve,1,10
1328,turkish,1,83
1329,ultranationalist,1,5
1330,priest,1,17
1331,shooting,1,20
1332,lyon,1,77
1333,deployment,1,13
1334,surveillance,1,18
1335,technology,1,50
1336,series,1,173
1337,beefs,1,0
1338,posts,1,50
1339,abroad,1,74
1340,oecd,1,7
1341,contenders,1,36
1342,standing,1,105
1343,leaves,1,53
1344,caricature,1,9
1345,backfire,1,6
1346,tension,1,34
1347,turf,1,8
1348,wars,1,30
1349,burnouts,1,2
1350,mongering,1,3
1351,turks,1,6
1352,boycott,1,16
1353,goods,1,31
1354,liner,1,4
1355,darkens,1,0
1356,shadow,1,31
1357,teachers,1,62
1358,swimming,1,15
1359,pools,1,9
1360,complaint,1,36
1361,aisles,1,6
1362,closure,1,15
1363,denounced,1,36
1364,murdered,1,11
1365,urban,1,54
1366,jack,1,8
1367,lang,1,30
1368,epstein,1,28
1369,donation,1,9
1370,fund,1,117
1371,movie,1,17
1372,crewed,1,0
1373,tested,1,41
1374,baltic,1,11
1375,reckons,1,2
1376,limits,1,50
1377,confesses,1,2
1378,stronger,1,80
1379,multilateralism,1,6
1380,advice,1,45
1381,cheap,1,14
1382,cooks,1,0
1383,storm,1,26
1384,hundreds,1,85
1385,monkey,1,5
1386,prospect,1,52
1387,despair,1,10
1388,dignity,1,15
1389,lebanese,1,48
1390,commitment,1,58
1391,calendar,1,8
1392,bet,1,31
1393,magazine,1,97
1394,depicting,1,10
1395,slave,1,8
1396,dodges,1,0
1397,retaliatory,1,2
1398,fort,1,21
1399,brégançon,1,11
1400,youngest,1,27
1401,transform,1,24
1402,ramp,1,11
1403,presence,1,65
1404,mediterranean,1,47
1405,mask,1,26
1406,heatwave,1,1
1407,language,1,90
1408,carrot,1,3
1409,delivers,1,28
1410,stern,1,13
1411,message,1,205
1412,stricken,1,2
1413,quarter,1,53
1414,avoided,1,43
1415,feminists,1,9
1416,attractivenes,1,0
1417,title,1,57
1418,ridicule,1,12
1419,place,1,471
1420,castex,1,98
1421,picking,1,20
1422,profile,1,121
1423,bets,1,7
1424,greater,1,129
1425,involvement,1,32
1426,sahel,1,13
1427,counterterrorism,1,14
1428,tightrope,1,2
1429,highlights,1,15
1430,mixed,1,24
1431,anne,1,74
1432,throne,1,5
1433,haunting,1,1
1434,rated,1,4
1435,appointing,1,10
1436,dijon,1,4
1437,outbreaks,1,3
1438,continue,1,154
1439,reset,1,21
1440,tear,1,59
1441,statue,1,11
1442,floated,1,10
1443,comedian,1,18
1444,qaeda,1,8
1445,parade,1,25
1446,george,1,32
1447,floyd,1,10
1448,hairy,1,1
1449,absolute,1,45
1450,assault,1,58
1451,trange,1,0
1452,farmers,1,52
1453,alarm,1,19
1454,cheese,1,11
1455,meltdown,1,9
1456,haired,1,12
1457,europeanist,1,0
1458,squeeze,1,5
1459,resurgent,1,9
1460,solidarity,1,84
1461,gayle,1,1
1462,smith,1,5
1463,changing,1,62
1464,testing,1,37
1465,country,1,1149
1466,bars,1,21
1467,restaurants,1,34
1468,crunch,1,2
1469,disrupter,1,2
1470,convince,1,97
1471,kids,1,13
1472,phones,1,2
1473,sexting,1,4
1474,secret,1,52
1475,sex,1,33
1476,soldier,1,23
1477,burkina,1,6
1478,faso,1,5
1479,roulette,1,0
1480,pragmatic,1,21
1481,based,1,258
1482,photo,1,139
1483,havre,1,22
1484,defiant,1,15
1485,suspends,1,0
1486,backed,1,145
1487,site,1,92
1488,powered,1,7
1489,concession,1,18
1490,striketime,1,0
1491,survival,1,20
1492,detached,1,12
1493,ursula,1,30
1494,marathon,1,15
1495,conflicts,1,28
1496,cult,1,9
1497,personality,1,33
1498,turtle,1,1
1499,spells,1,6
1500,reformer,1,22
1501,determined,1,72
1502,existential,1,8
1503,unite,1,29
1504,defend,1,146
1505,insulting,1,19
1506,nasty,1,22
1507,formally,1,62
1508,embezzlement,1,17
1509,undermining,1,13
1510,agenda,1,221
1511,outlines,1,3
1512,proposal,1,176
1513,accession,1,18
1514,indicted,1,5
1515,islamophobic,1,5
1516,undercurrent,1,1
1517,bulgaria,1,26
1518,issue,1,237
1519,remarks,1,75
1520,uncertainty,1,37
1521,potential,1,205
1522,competitor,1,10
1523,pointing,1,40
1524,betrayal,1,25
1525,follow,1,103
1526,crisi,1,0
1527,fester,1,2
1528,rejection,1,46
1529,institutional,1,31
1530,justify,1,22
1531,extension,1,32
1532,unrelenting,1,7
1533,mounts,1,1
1534,mourn,1,1
1535,lovable,1,3
1536,aged,1,42
1537,disrupted,1,20
1538,bang,1,11
1539,heavyweight,1,24
1540,impropriety,1,3
1541,conducted,1,75
1542,brazilian,1,12
1543,supports,1,33
1544,intention,1,62
1545,pesticide,1,4
1546,includes,1,77
1547,western,1,154
1548,balkans,1,9
1549,teach,1,9
1550,literature,1,10
1551,suburb,1,44
1552,smoking,1,28
1553,stubbed,1,0
1554,unsteady,1,0
1555,crown,1,4
1556,transparency,1,30
1557,festival,1,16
1558,booed,1,9
1559,celebrations,1,14
1560,lobster,1,2
1561,dinners,1,15
1562,raids,1,27
1563,senior,1,295
1564,ciudadanos,1,37
1565,comparable,1,14
1566,emerges,1,9
1567,slump,1,8
1568,pop,1,7
1569,frame,1,6
1570,defeats,1,14
1571,surge,1,29
1572,misused,1,22
1573,cjeu,1,0
1574,square,1,29
1575,wrestle,1,4
1576,leading,1,206
1577,plugs,1,1
1578,supergroup,1,1
1579,wildfire,1,1
1580,pool,1,77
1581,resources,1,57
1582,heritage,1,23
1583,shakes,1,10
1584,scrap,1,29
1585,fully,1,81
1586,extinguished,1,2
1587,tipped,1,12
1588,taxes,1,97
1589,privatization,1,6
1590,malta,1,15
1591,allocate,1,3
1592,loiseau,1,68
1593,piste,1,0
1594,sacked,1,17
1595,trong,1,0
1596,strains,1,2
1597,responds,1,4
1598,poseur,1,1
1599,poet,1,9
1600,reborn,1,2
1601,showman,1,2
1602,misunderstanding,1,4
1603,decathlon,1,5
1604,hijab,1,7
1605,online,1,152
1606,semitism,1,33
1607,senators,1,11
1608,accuse,1,46
1609,withholding,1,5
1610,orgy,1,1
1611,psychotherapy,1,2
1612,twitch,1,4
1613,condemns,1,6
1614,fireworks,1,7
1615,suggests,1,63
1616,truths,1,7
1617,pocket,1,6
1618,fingers,1,5
1619,winner,1,71
1620,conference,1,233
1621,rome,1,76
1622,repeated,1,79
1623,animalist,1,3
1624,promotes,1,5
1625,champions,1,11
1626,railbus,1,0
1627,attempt,1,141
1628,recording,1,11
1629,convenience,1,3
1630,gift,1,17
1631,responsive,1,2
1632,membership,1,91
1633,reformed,1,14
1634,lecturing,1,7
1635,transport,1,81
1636,staff,1,210
1637,heartland,1,0
1638,jumps,1,1
1639,kick,1,18
1640,laws,1,110
1641,multiple,1,83
1642,agitators,1,2
1643,stick,1,36
1644,probed,1,1
1645,registers,1,2
1646,trademark,1,6
1647,figures,1,148
1648,charts,1,1
1649,flop,1,6
1650,communists,1,6
1651,recruit,1,12
1652,consecutive,1,19
1653,respite,1,2
1654,lies,1,57
1655,beneath,1,2
1656,uprising,1,12
1657,foot,1,17
1658,deficit,1,76
1659,increase,1,143
1660,santa,1,2
1661,hole,1,8
1662,sweeteners,1,2
1663,catastrophe,1,13
1664,reckoning,1,10
1665,mode,1,11
1666,knees,1,11
1667,poor,1,79
1668,climbdown,1,3
1669,canceled,1,24
1670,smacking,1,1
1671,detriment,1,5
1672,spot,1,27
1673,tweak,1,5
1674,rages,1,0
1675,mobilize,1,12
1676,mutiny,1,5
1677,tweet,1,64
1678,lack,1,156
1679,decency,1,9
1680,anniversary,1,54
1681,wanted,1,224
1682,speaking,1,230
1683,judgment,1,12
1684,charms,1,1
1685,collaborator,1,5
1686,pond,1,4
1687,ultra,1,56
1688,howdown,1,0
1689,boot,1,0
1690,hails,1,6
1691,caledonia,1,6
1692,unexpected,1,24
1693,pundits,1,15
1694,worried,1,64
1695,quake,1,1
1696,hesse,1,8
1697,teaches,1,2
1698,headlines,1,44
1699,khashoggi,1,7
1700,arabia,1,25
1701,morals,1,4
1702,freakout,1,0
1703,treaty,1,103
1704,brits,1,32
1705,cliff,1,6
1706,edge,1,21
1707,safety,1,43
1708,turns,1,27
1709,drunk,1,4
1710,gaffes,1,4
1711,interpol,1,4
1712,reported,1,974
1713,missing,1,23
1714,spins,1,0
1715,unblocks,1,0
1716,subsidies,1,23
1717,accepting,1,21
1718,chequers,1,8
1719,suicidal,1,5
1720,undergo,1,9
1721,psychiatric,1,2
1722,evaluation,1,12
1723,memorabilia,1,0
1724,worth,1,52
1725,sold,1,33
1726,finishing,1,11
1727,admit,1,27
1728,algerian,1,31
1729,review,1,28
1730,swedish,1,13
1731,pedaling,1,0
1732,opponent,1,76
1733,shaky,1,5
1734,ground,1,165
1735,isolation,1,21
1736,grows,1,8
1737,depend,1,40
1738,macronomics,1,2
1739,uninvited,1,1
1740,web,1,50
1741,magnette,1,11
1742,uproar,1,13
1743,wwi,1,1
1744,ceremony,1,39
1745,vélo,1,0
1746,rattled,1,3
1747,clamps,1,0
1748,upskirting,1,1
1749,pervert,1,1
1750,accidental,1,8
1751,berlusconi,1,15
1752,blocks,1,10
1753,broadcasting,1,6
1754,tuff,1,0
1755,south,1,93
1756,ryanair,1,3
1757,treads,1,1
1758,lippery,1,0
1759,affair,1,82
1760,faceoff,1,3
1761,channelling,1,0
1762,biblical,1,1
1763,inferno,1,2
1764,freaking,1,0
1765,spark,1,8
1766,human,1,117
1767,drama,1,17
1768,penalty,1,15
1769,states,1,334
1770,grill,1,2
1771,dismissed,1,72
1772,advise,1,10
1773,buddies,1,3
1774,drift,1,14
1775,frail,1,1
1776,grip,1,19
1777,bleus,1,2
1778,wrecked,1,1
1779,noses,1,7
1780,hosts,1,11
1781,europopulists,1,0
1782,idea,1,341
1783,sounded,1,29
1784,mourns,1,0
1785,blue,1,59
1786,monarch,1,6
1787,horrifie,1,0
1788,impose,1,57
1789,troubled,1,21
1790,sends,1,8
1791,reminder,1,13
1792,spending,1,178
1793,mini,1,12
1794,academy,1,12
1795,dismayed,1,6
1796,ánchez,1,0
1797,mafia,1,1
1798,rage,1,15
1799,wolf,1,6
1800,royals,1,2
1801,tea,1,7
1802,trumps,1,1
1803,differences,1,84
1804,purgatory,1,2
1805,aquarius,1,10
1806,boat,1,16
1807,hijacks,1,0
1808,summons,1,0
1809,ummit,1,0
1810,century,1,96
1811,gravy,1,1
1812,halt,1,32
1813,cannonball,1,1
1814,sausage,1,0
1815,terrible,1,23
1816,ranking,1,28
1817,prematurely,1,1
1818,sorrow,1,1
1819,liège,1,2
1820,questioning,1,30
1821,management,1,51
1822,piderman,1,0
1823,crimes,1,30
1824,thwarted,1,10
1825,reimburse,1,12
1826,menopausal,1,1
1827,laundering,1,6
1828,chechen,1,17
1829,born,1,86
1830,carried,1,125
1831,whiff,1,3
1832,consolation,1,6
1833,flattered,1,4
1834,description,1,10
1835,indignation,1,10
1836,america,1,95
1837,pecial,1,0
1838,withdraw,1,59
1839,bromance,1,7
1840,conceals,1,2
1841,minimal,1,8
1842,brushes,1,5
1843,dandruff,1,2
1844,perfect,1,30
1845,guarantor,1,3
1846,order,1,318
1847,serve,1,62
1848,steam,1,19
1849,forged,1,7
1850,signal,1,52
1851,trade,1,382
1852,flatters,1,0
1853,seize,1,23
1854,convinced,1,73
1855,stay,1,134
1856,statements,1,78
1857,memoir,1,6
1858,viktor,1,30
1859,celebrates,1,3
1860,degree,1,25
1861,ees,1,0
1862,spring,1,53
1863,confront,1,10
1864,rail,1,71
1865,attrition,1,4
1866,holocaust,1,31
1867,naive,1,3
1868,officer,1,59
1869,gunman,1,11
1870,paul,1,65
1871,ryan,1,8
1872,congress,1,54
1873,wild,1,22
1874,reiterates,1,2
1875,poisoning,1,20
1876,assassination,1,11
1877,racist,1,52
1878,historic,1,42
1879,swore,1,1
1880,poisoned,1,10
1881,ayatollahs,1,1
1882,projects,1,44
1883,günther,1,1
1884,oettinger,1,1
1885,respect,1,123
1886,investment,1,112
1887,immigration,1,192
1888,rating,1,42
1889,ankara,1,37
1890,emerge,1,23
1891,homeless,1,18
1892,pizzamaker,1,1
1893,room,1,74
1894,quash,1,1
1895,resurgence,1,18
1896,sham,1,1
1897,propose,1,36
1898,reorganization,1,1
1899,master,1,20
1900,stretch,1,22
1901,rebrand,1,9
1902,answer,1,81
1903,core,1,79
1904,rank,1,35
1905,remains,1,210
1906,spd,1,69
1907,forward,1,180
1908,channel,1,120
1909,dared,1,10
1910,tread,1,8
1911,marks,1,24
1912,chapter,1,10
1913,appointed,1,100
1914,governor,1,18
1915,banque,1,3
1916,spicy,1,1
1917,appetizer,1,0
1918,baguette,1,2
1919,load,1,8
1920,recognition,1,37
1921,bread,1,4
1922,gears,1,3
1923,firmnes,1,0
1924,opposing,1,24
1925,wind,1,13
1926,stéphane,1,34
1927,foll,1,31
1928,hambolic,1,0
1929,wobbles,1,3
1930,nationalist,1,68
1931,ultimatum,1,11
1932,threaten,1,20
1933,prisoner,1,12
1934,phase,1,53
1935,dirty,1,22
1936,washington,1,100
1937,medical,1,50
1938,romanian,1,8
1939,exile,1,7
1940,permanent,1,78
1941,construction,1,35
1942,lightning,1,14
1943,decisive,1,44
1944,saving,1,8
1945,bacon,1,2
1946,tony,1,23
1947,blair,1,28
1948,institute,1,73
1949,peaked,1,3
1950,compassion,1,1
1951,animals,1,10
1952,needed,1,159
1953,private,1,173
1954,plane,1,15
1955,releases,1,2
1956,dismisses,1,3
1957,heats,1,2
1958,bounces,1,0
1959,celebrate,1,29
1960,birthday,1,14
1961,luxurious,1,2
1962,château,1,4
1963,weaken,1,21
1964,sort,1,71
1965,embraces,1,11
1966,lord,1,6
1967,darth,1,1
1968,moore,1,3
1969,euco,1,0
1970,wire,1,10
1971,tapping,1,9
1972,headache,1,17
1973,manhattan,1,3
1974,jamaica,1,4
1975,blues,1,2
1976,rock,1,21
1977,roll,1,25
1978,creates,1,27
1979,including,1,582
1980,prestigious,1,23
1981,responsibility,1,119
1982,middle,1,122
1983,east,1,92
1984,satan,1,1
1985,jerusalem,1,21
1986,irish,1,30
1987,tangle,1,3
1988,momentous,1,1
1989,partly,1,87
1990,fault,1,19
1991,deplorable,1,1
1992,condition,1,57
1993,«,1,34
1994,»,1,34
1995,prépare,1,1
1996,une,1,126
1997,sortie,1,4
1998,sans,1,11
1999,punishable,1,9
2000,offense,1,22
2001,reason,1,128
2002,accounts,1,70
2003,oversee,1,6
2004,democrats,1,165
2005,tolerate,1,16
2006,hammond,1,27
2007,eeyore,1,2
2008,persecution,1,12
2009,eems,1,0
2010,weakened,1,40
2011,searches,1,7
2012,partner,1,137
2013,concern,1,98
2014,curtain,1,2
2015,bids,1,4
2016,farewell,1,4
2017,rebound,1,3
2018,helm,1,11
2019,late,1,207
2020,mutineer,1,1
2021,splash,1,6
2022,mise,1,8
2023,muriel,1,10
2024,pénicaud,1,26
2025,formula,1,7
2026,lane,1,6
2027,taxpayers,1,7
2028,paradise,1,3
2029,speaker,1,24
2030,disavows,1,0
2031,secession,1,9
2032,avoids,1,3
2033,confirmed,1,88
2034,scalp,1,2
2035,replace,1,60
2036,swiss,1,11
2037,scholar,1,6
2038,tariq,1,2
2039,ramadan,1,14
2040,scramble,1,4
2041,clock,1,11
2042,club,1,38
2043,brings,1,30
2044,zest,1,1
2045,weinstein,1,9
2046,reverberates,1,0
2047,divergences,1,10
2048,allemandes,1,1
2049,esm,1,5
2050,kremlin,1,38
2051,discussing,1,36
2052,problème,1,5
2053,mots,1,0
2054,rucku,1,0
2055,dents,1,1
2056,working,1,317
2057,revive,1,24
2058,industry,1,127
2059,backstage,1,0
2060,struggle,1,77
2061,européenne,1,9
2062,stacks,1,1
2063,trategic,1,0
2064,dealt,1,20
2065,blow,1,56
2066,senate,1,73
2067,casserole,1,1
2068,départ,1,2
2069,splitting,1,12
2070,escalate,1,8
2071,arrogance,1,15
2072,totally,1,58
2073,narcissistic,1,5
2074,headquarters,1,73
2075,couscous,1,2
2076,google,1,25
2077,facebook,1,108
2078,blurs,1,0
2079,confiscate,1,2
2080,boxes,1,9
2081,passes,1,6
2082,lacker,1,1
2083,warpath,1,2
2084,streets,1,118
2085,naval,1,9
2086,propaganda,1,24
2087,drop,1,77
2088,forgotten,1,27
2089,sister,1,21
2090,ideas,1,206
2091,specifics,1,6
2092,médiatique,1,1
2093,veganism,1,1
2094,crash,1,12
2095,council,1,319
2096,fronts,1,16
2097,expert,1,34
2098,michael,1,23
2099,flaherty,1,2
2100,peril,1,5
2101,sacred,1,21
2102,cow,1,5
2103,shakeup,1,4
2104,nods,1,0
2105,quota,1,12
2106,african,1,43
2107,nations,1,97
2108,explainer,1,1
2109,integrated,1,28
2110,spent,1,111
2111,makeup,1,10
2112,wedge,1,6
2113,create,1,132
2114,competition,1,95
2115,cedes,1,2
2116,link,1,23
2117,timeline,1,5
2118,coming,1,240
2119,earth,1,17
2120,cares,1,10
2121,informal,1,31
2122,marseille,1,90
2123,hip,1,5
2124,startup,1,21
2125,duped,1,3
2126,activists,1,106
2127,peaceful,1,28
2128,outcome,1,61
2129,sour,1,8
2130,commissioner,1,78
2131,expenses,1,25
2132,intern,1,4
2133,networking,1,3
2134,drives,1,3
2135,car,1,60
2136,injures,1,0
2137,improve,1,49
2138,seeker,1,3
2139,frankfurt,1,21
2140,criminal,1,69
2141,qatar,1,4
2142,cup,1,38
2143,buying,1,11
2144,improved,1,20
2145,snubs,1,0
2146,applications,1,23
2147,reflects,1,21
2148,moments,1,33
2149,suspected,1,78
2150,dictating,1,3
2151,trap,1,15
2152,outcry,1,12
2153,searching,1,22
2154,rebellious,1,19
2155,modem,1,62
2156,delights,1,0
2157,charmer,1,0
2158,wields,1,1
2159,pariah,1,4
2160,michelin,1,4
2161,rekindle,1,3
2162,romance,1,7
2163,maintain,1,56
2164,controls,1,59
2165,maligned,1,0
2166,alpha,1,3
2167,males,1,3
2168,reaction,1,78
2169,civilizational,1,7
2170,belt,1,4
2171,giddy,1,3
2172,delirious,1,3
2173,muster,1,10
2174,courage,1,19
2175,europeans,1,69
2176,building,1,130
2177,eye,1,61
2178,rolls,1,6
2179,eat,1,15
2180,cake,1,5
2181,turned,1,176
2182,sleep,1,12
2183,lacks,1,27
2184,française,1,39
2185,jupiterian,1,12
2186,strongman,1,13
2187,intense,1,28
2188,suffering,1,48
2189,sidekick,1,2
2190,designs,1,4
2191,idealist,1,1
2192,misuse,1,56
2193,tories,1,13
2194,labour,1,85
2195,hang,1,4
2196,nouveaux,1,3
2197,parlementaires,1,1
2198,marriage,1,38
2199,finally,1,92
2200,tender,1,8
2201,regulation,1,40
2202,dup,1,7
2203,secures,1,1
2204,upper,1,22
2205,democrat,1,38
2206,hurrah,1,1
2207,choose,1,83
2208,earned,1,36
2209,consulting,1,53
2210,contract,1,51
2211,bundesbank,1,3
2212,problems,1,161
2213,arnold,1,4
2214,schwarzenegger,1,7
2215,heckle,1,0
2216,selfie,1,7
2217,stops,1,29
2218,mania,1,7
2219,grips,1,3
2220,debut,1,9
2221,silver,1,8
2222,lining,1,9
2223,marielle,1,22
2224,sarnez,1,42
2225,moralizing,1,5
2226,pity,1,5
2227,succeeding,1,4
2228,triple,1,5
2229,législatives,1,2
2230,heading,1,53
2231,slumps,1,0
2232,dangerou,1,0
2233,sequel,1,0
2234,model,1,83
2235,socialism,1,14
2236,knocked,1,28
2237,trail,1,26
2238,pierre,1,184
2239,paying,1,59
2240,fairer,1,6
2241,rediscovers,1,0
2242,mojo,1,3
2243,sharply,1,13
2244,baroin,1,51
2245,sacrificial,1,4
2246,lamb,1,4
2247,hot,1,29
2248,seat,1,97
2249,planet,1,21
2250,legislatives,1,3
2251,biggest,1,163
2252,challenges,1,94
2253,landslide,1,22
2254,poles,1,5
2255,bearish,1,0
2256,cooperate,1,21
2257,banking,1,47
2258,affairs,1,264
2259,république,1,221
2260,awkward,1,15
2261,czar,1,3
2262,handshake,1,39
2263,innocent,1,20
2264,extremely,1,54
2265,direct,1,95
2266,encounter,1,27
2267,verdict,1,18
2268,tremendou,1,0
2269,comedown,1,1
2270,réforme,1,3
2271,marché,1,7
2272,plunges,1,0
2273,priority,1,60
2274,composition,1,8
2275,nouveau,1,8
2276,gouvernement,1,21
2277,satisfied,1,22
2278,brain,1,14
2279,revival,1,10
2280,neo,1,16
2281,activist,1,49
2282,documents,1,42
2283,announcement,1,84
2284,updates,1,7
2285,inauguration,1,21
2286,wolfgang,1,15
2287,schäuble,1,31
2288,closing,1,41
2289,gambles,1,0
2290,novices,1,6
2291,dearly,1,1
2292,withdrawal,1,73
2293,prochaine,1,2
2294,étape,1,2
2295,prepare,1,49
2296,expel,1,11
2297,beasts,1,5
2298,honeymoon,1,8
2299,lasted,1,12
2300,inertia,1,7
2301,reformism,1,1
2302,overcome,1,48
2303,mutual,1,27
2304,mistrust,1,15
2305,doctrine,1,16
2306,thinking,1,73
2307,merci,1,4
2308,routing,1,1
2309,mood,1,53
2310,sours,1,0
2311,fade,1,2
2312,plight,1,9
2313,heated,1,8
2314,zingers,1,2
2315,yanis,1,7
2316,varoufakis,1,17
2317,parrots,1,0
2318,introducing,1,17
2319,compares,1,1
2320,extremist,1,32
2321,pleads,1,0
2322,winger,1,17
2323,dupont,1,43
2324,aignan,1,41
2325,afraid,1,22
2326,€m,1,0
2327,hire,1,27
2328,history,1,211
2329,deuxième,1,1
2330,trumpist,1,4
2331,shift,1,64
2332,whirpool,1,0
2333,selfies,1,8
2334,pollsters,1,71
2335,smarter,1,1
2336,archives,1,12
2337,suitors,1,2
2338,jostle,1,1
2339,attention,1,106
2340,enemy,1,40
2341,daughter,1,70
2342,campaigned,1,38
2343,arithmetic,1,2
2344,odds,1,51
2345,meddling,1,15
2346,backing,1,86
2347,wenn,1,5
2348,tatsächlich,1,1
2349,präsidentin,1,3
2350,wird,1,12
2351,rhetoric,1,74
2352,confirm,1,27
2353,defeated,1,42
2354,hacked,1,5
2355,redefines,1,0
2356,dash,1,10
2357,holds,1,64
2358,tongue,1,7
2359,pamela,1,1
2360,anderson,1,4
2361,demanded,1,44
2362,removed,1,19
2363,dans,1,94
2364,mouchoir,1,0
2365,poche,1,0
2366,surplus,1,8
2367,hurts,1,1
2368,steinmeier,1,20
2369,lawyer,1,105
2370,expensive,1,30
2371,suits,1,20
2372,abstainers,1,4
2373,arsonists,1,1
2374,hq,1,8
2375,boosters,1,1
2376,bubble,1,13
2377,points,1,197
2378,hostility,1,25
2379,denying,1,20
2380,roundup,1,2
2381,jews,1,43
2382,cheering,1,5
2383,sacré,1,2
2384,britons,1,16
2385,pains,1,15
2386,chaotic,1,12
2387,pin,1,3
2388,eminence,1,2
2389,grise,1,2
2390,hocked,1,0
2391,speeding,1,2
2392,demise,1,16
2393,replacement,1,29
2394,interfere,1,4
2395,survive,1,28
2396,embrace,1,49
2397,tactic,1,16
2398,banned,1,69
2399,hitler,1,12
2400,admirer,1,11
2401,boo,1,0
2402,stalinist,1,4
2403,invented,1,11
2404,survey,1,97
2405,dutch,1,74
2406,bummer,1,0
2407,claude,1,83
2408,bas,1,1
2409,fishermen,1,28
2410,hear,1,54
2411,siren,1,3
2412,canard,1,106
2413,vegas,1,4
2414,event,1,141
2415,attended,1,39
2416,sticks,1,5
2417,modified,1,6
2418,guns,1,14
2419,company,1,166
2420,helping,1,43
2421,clings,1,3
2422,undeclared,1,6
2423,danger,1,53
2424,speaks,1,53
2425,sunday,1,623
2426,flops,1,0
2427,distribution,1,21
2428,lifeboats,1,0
2429,beleaguered,1,6
2430,sniper,1,1
2431,accidentally,1,6
2432,shoots,1,2
2433,affaires,1,7
2434,baby,1,9
2435,fires,1,24
2436,testify,1,2
2437,mufti,1,1
2438,advances,1,9
2439,heighten,1,0
2440,continues,1,58
2441,floundering,1,4
2442,scientists,1,29
2443,lawyers,1,34
2444,scouted,1,0
2445,museum,1,27
2446,sues,1,0
2447,chiefs,1,11
2448,alternative,1,90
2449,tunned,1,0
2450,pens,1,19
2451,severance,1,9
2452,défense,1,13
2453,staying,1,32
2454,matters,1,82
2455,machete,1,8
2456,shouted,1,15
2457,allahu,1,7
2458,akbar,1,6
2459,internet,1,44
2460,windfall,1,1
2461,introduce,1,21
2462,contracts,1,55
2463,ugly,1,6
2464,implosion,1,7
2465,interrogated,1,8
2466,mission,1,57
2467,impossible,1,69
2468,chinese,1,36
2469,water,1,48
2470,bashing,1,9
2471,chair,1,30
2472,rajoy,1,33
2473,pénélope,1,3
2474,hardliners,1,10
2475,method,1,34
2476,robot,1,5
2477,marijuana,1,5
2478,legalizing,1,8
2479,spend,1,71
2480,promise,1,124
2481,early,1,333
2482,appointments,1,15
2483,prevail,1,15
2484,considered,1,105
2485,punishment,1,25
2486,slap,1,10
2487,curb,1,15
2488,numbers,1,106
2489,discuss,1,111
2490,vall,1,84
2491,incredible,1,18
2492,disappearing,1,6
2493,tower,1,41
2494,warning,1,94
2495,dangerously,1,3
2496,naïve,1,13
2497,boost,1,98
2498,curse,1,4
2499,braces,1,3
2500,cyberattacks,1,17
2501,conspiracy,1,49
2502,theorie,1,0
2503,victim,1,37
2504,counterrevolution,1,0
2505,asked,1,434
2506,bank,1,161
2507,ecu,1,6
2508,style,1,121
2509,currency,1,69
2510,joining,1,57
2511,gradualism,1,0
2512,borrow,1,13
2513,father,1,141
2514,lender,1,8
2515,salute,1,2
2516,jacqueline,1,10
2517,sauvage,1,27
2518,jobless,1,24
2519,rate,1,103
2520,attaque,1,1
2521,camion,1,1
2522,favorite,1,110
2523,primaries,1,57
2524,syrian,1,71
2525,quagmire,1,1
2526,weak,1,76
2527,kinder,1,2
2528,gentler,1,2
2529,insurance,1,60
2530,embarras,1,1
2531,devant,1,5
2532,alep,1,1
2533,feud,1,17
2534,payout,1,4
2535,fantasies,1,1
2536,true,1,108
2537,schooling,1,3
2538,defector,1,0
2539,homophobic,1,6
2540,insults,1,25
2541,reshuffles,1,1
2542,lame,1,7
2543,duck,1,10
2544,bernard,1,51
2545,named,1,156
2546,aims,1,71
2547,russophilia,1,6
2548,check,1,35
2549,divided,1,87
2550,simpler,1,6
2551,maintains,1,14
2552,crushing,1,13
2553,hirt,1,0
2554,ripping,1,3
2555,austria,1,68
2556,globalization,1,71
2557,brexiteers,1,16
2558,unraveling,1,4
2559,chaos,1,48
2560,confronts,1,0
2561,victoire,1,3
2562,prescribes,1,3
2563,play,1,196
2564,headaches,1,6
2565,thatcher,1,23
2566,short,1,207
2567,suspects,1,21
2568,released,1,62
2569,fulgurante,1,1
2570,thatcherite,1,14
2571,thing,1,148
2572,disruption,1,29
2573,hardens,1,0
2574,sinks,1,1
2575,laments,1,1
2576,leads,1,57
2577,complex,1,43
2578,operation,1,79
2579,die,1,270
2580,jitters,1,4
2581,bbc,1,49
2582,finalizing,1,3
2583,jadot,1,47
2584,bataclan,1,22
2585,reopen,1,29
2586,sting,1,6
2587,concert,1,22
2588,problèmes,1,5
2589,toughest,1,12
2590,duty,1,38
2591,recognizes,1,3
2592,jailing,1,1
2593,roma,1,13
2594,wwii,1,0
2595,apologizes,1,0
2596,hick,1,2
2597,leak,1,9
2598,sylvia,1,7
2599,loyal,1,27
2600,toast,1,3
2601,mock,1,11
2602,height,1,17
2603,hopeful,1,32
2604,antoinette,1,3
2605,tolen,1,0
2606,zionist,1,5
2607,clearing,1,9
2608,jungle,1,20
2609,waiting,1,69
2610,widens,1,1
2611,margin,1,30
2612,pushed,1,80
2613,virée,1,1
2614,bruxelloise,1,1
2615,tourment,1,1
2616,disrupt,1,16
2617,religion,1,52
2618,casts,1,6
2619,primaire,1,6
2620,unfriend,1,1
2621,mugged,1,0
2622,referendums,1,19
2623,towns,1,71
2624,veste,1,1
2625,leaked,1,28
2626,preparing,1,71
2627,edges,1,4
2628,congressman,1,2
2629,dogged,1,18
2630,bataille,1,2
2631,optimisme,1,1
2632,trash,1,13
2633,pulls,1,7
2634,recordings,1,3
2635,flow,1,14
2636,disorder,1,8
2637,ranks,1,80
2638,gap,1,40
2639,central,1,206
2640,banker,1,58
2641,dilemme,1,1
2642,presidents,1,92
2643,gallic,1,7
2644,ancestry,1,1
2645,denial,1,25
2646,housing,1,66
2647,sentences,1,11
2648,cas,1,9
2649,cahuzac,1,7
2650,trauma,1,12
2651,caused,1,89
2652,bullet,1,7
2653,commentator,1,11
2654,dany,1,1
2655,cohn,1,32
2656,bendit,1,31
2657,annihilated,1,1
2658,danny,1,4
2659,red,1,68
2660,talking,1,116
2661,choice,1,210
2662,catholic,1,66
2663,prosecutors,1,58
2664,costs,1,73
2665,learns,1,0
2666,exceptional,1,23
2667,trahison,1,3
2668,insultes,1,2
2669,banishes,1,0
2670,insignia,1,2
2671,bare,1,18
2672,facts,1,36
2673,gloves,1,1
2674,ignore,1,31
2675,ruling,1,166
2676,highest,1,87
2677,scolds,1,1
2678,criticizing,1,33
2679,sadiq,1,7
2680,khan,1,28
2681,bernie,1,20
2682,sanders,1,18
2683,wearing,1,93
2684,beach,1,39
2685,creator,1,4
2686,boosting,1,11
2687,august,1,130
2688,narcissisme,1,2
2689,voltaire,1,8
2690,swagger,1,1
2691,provoking,1,6
2692,compatible,1,22
2693,corsican,1,9
2694,daily,1,268
2695,fuming,1,4
2696,lionel,1,34
2697,barber,1,14
2698,waterpark,1,3
2699,légion,1,9
2700,sickening,1,2
2701,form,1,177
2702,guard,1,49
2703,demand,1,80
2704,places,1,51
2705,worship,1,14
2706,nudges,1,0
2707,rightward,1,6
2708,trumpization,1,4
2709,lights,1,5
2710,imf,1,16
2711,spoil,1,5
2712,aid,1,57
2713,businesses,1,70
2714,extend,1,22
2715,upends,1,0
2716,routine,1,10
2717,decides,1,27
2718,provoked,1,18
2719,hair,1,30
2720,today,1,228
2721,tomorrow,1,28
2722,hairdresser,1,11
2723,month,1,575
2724,spared,1,10
2725,stratégies,1,1
2726,defies,1,1
2727,lawmakers,1,81
2728,negotiation,1,20
2729,cross,1,40
2730,workers,1,322
2731,rocard,1,18
2732,died,1,84
2733,choc,1,1
2734,malaise,1,14
2735,camps,1,49
2736,moved,1,54
2737,ways,1,95
2738,understand,1,96
2739,shortcoming,1,1
2740,docks,1,2
2741,nous,1,22
2742,delivery,1,15
2743,martinez,1,54
2744,intervention,1,54
2745,opportunity,1,132
2746,gasp,1,1
2747,fronde,1,1
2748,sociale,1,1
2749,match,1,55
2750,pilots,1,9
2751,defender,1,13
2752,grève,1,2
2753,digs,1,1
2754,heels,1,14
2755,strikers,1,16
2756,pol,1,0
2757,discredit,1,13
2758,trader,1,5
2759,jérôme,1,27
2760,kerviel,1,5
2761,dismissal,1,11
2762,claim,1,109
2763,zlatan,1,2
2764,visas,1,8
2765,soccer,1,19
2766,fans,1,37
2767,pelted,1,4
2768,eggs,1,3
2769,mob,1,2
2770,orsay,1,7
2771,museums,1,14
2772,flooding,1,2
2773,sondages,1,1
2774,hubert,1,6
2775,védrine,1,18
2776,pause,1,8
2777,protesting,1,16
2778,ein,1,15
2779,albtraum,1,0
2780,von,1,89
2781,einem,1,7
2782,gipfel,1,1
2783,gathering,1,86
2784,frankreichs,1,3
2785,rechtspopulisten,1,0
2786,betteln,1,0
2787,banken,1,4
2788,stuck,1,53
2789,gear,1,14
2790,hostage,1,16
2791,spreads,1,6
2792,strapped,1,9
2793,baupin,1,19
2794,étrange,1,1
2795,shortages,1,17
2796,told,1,1004
2797,sides,1,57
2798,flics,1,1
2799,argent,1,7
2800,pushing,1,92
2801,mideast,1,0
2802,peace,1,50
2803,broker,1,20
2804,frank,1,40
2805,underwood,1,5
2806,inappropriate,1,7
2807,female,1,41
2808,ram,1,9
2809,bus,1,21
2810,drivers,1,78
2811,runs,1,49
2812,guerre,1,2
2813,perceptions,1,8
2814,fighting,1,95
2815,gaulle,1,89
2816,languages,1,11
2817,smiling,1,19
2818,sursaut,1,2
2819,hollandai,1,1
2820,christophe,1,143
2821,caresche,1,17
2822,exist,1,25
2823,joke,1,19
2824,allegation,1,10
2825,feminist,1,20
2826,tournament,1,33
2827,destin,1,2
2828,chine,1,2
2829,bashes,1,1
2830,finkiel,1,0
2831,blocking,1,19
2832,companies,1,154
2833,adapting,1,8
2834,boys,1,11
2835,jihad,1,6
2836,irrelevance,1,3
2837,pact,1,28
2838,payouts,1,6
2839,nip,1,1
2840,student,1,92
2841,nuit,1,32
2842,debout,1,39
2843,communication,1,40
2844,dismiss,1,23
2845,unclear,1,55
2846,friends,1,117
2847,honest,1,18
2848,panama,1,5
2849,axe,1,2
2850,shrugs,1,2
2851,setback,1,12
2852,deradicalization,1,2
2853,efforts,1,197
2854,capture,1,15
2855,abdeslam,1,4
2856,featuring,1,18
2857,cats,1,4
2858,narrow,1,25
2859,smiles,1,9
2860,afd,1,27
2861,allemagne,1,5
2862,perte,1,1
2863,vitesse,1,2
2864,joker,1,1
2865,blinks,1,1
2866,infuriates,1,1
2867,avenir,1,4
2868,entre,1,14
2869,periscope,1,4
2870,assistant,1,67
2871,finances,1,42
2872,confection,1,0
2873,fudge,1,3
2874,art,1,31
2875,write,1,33
2876,reforming,1,59
2877,uncomfortable,1,18
2878,nationality,1,31
2879,fabius,1,16
2880,david,1,85
2881,cameron,1,54
2882,measure,1,96
2883,ségolène,1,26
2884,abused,1,9
2885,eroded,1,2
2886,refugees,1,125
2887,fines,1,26
2888,justice,1,155
2889,exposes,1,1
2890,airport,1,31
2891,wonders,1,4
2892,grid,1,2
2893,errors,1,16
2894,pre,1,43
2895,answers,1,40
2896,skullcap,1,2
2897,exodus,1,11
2898,default,1,9
2899,civil,1,188
2900,servants,1,79
2901,decider,1,0
2902,reasserts,1,0
2903,authority,1,133
2904,thwarts,1,0
2905,plastic,1,12
2906,bag,1,8
2907,ire,1,21
2908,stripping,1,14
2909,doctor,1,27
2910,visits,1,35
2911,glimmer,1,3
2912,comparison,1,22
2913,purges,1,1
2914,regions,1,106
2915,voter,1,78
2916,rapture,1,1
2917,austerity,1,47
2918,boosted,1,9
2919,mainstream,1,174
2920,disaster,1,38
2921,sniping,1,5
2922,renault,1,20
2923,boss,1,85
2924,stakes,1,27
2925,foreigners,1,33
2926,discrimination,1,58
2927,voting,1,183
2928,habits,1,9
2929,scrutiny,1,31
2930,fling,1,0
2931,fiasco,1,4
2932,defectors,1,9
2933,punches,1,10
2934,wait,1,57
2935,reins,1,4
2936,bombing,1,22
2937,kid,1,4
2938,bomb,1,11
2939,assad,1,40
2940,disagree,1,19
2941,inciting,1,9
2942,racial,1,24
2943,hatred,1,39
2944,taboo,1,16
2945,ethnic,1,30
2946,statistics,1,36
2947,intellectual,1,52
2948,schengen,1,47
2949,dsk,1,1
2950,visionles,1,0
2951,hour,1,138
2952,workaround,1,0
2953,image,1,106
2954,doctored,1,1
2955,warfare,1,7
2956,double,1,61
2957,convergence,1,16
2958,whine,1,0
2959,rosés,1,0
2960,snub,1,3
2961,dad,1,2
2962,hearing,1,35
2963,sick,1,19
2964,farmer,1,19
2965,gloomy,1,9
2966,reprieve,1,3
2967,ouster,1,9
